flight_date,from,to,avg_weeks,std_weeks
2013-01-22,ATL,MCO,10.3636363636,8.23202488858
2013-02-22,ATL,DEN,8.29411764706,5.54261564925
2013-01-31,ORD,EWR,8.93333333333,9.40719076533
2012-11-15,DFW,ORD,9.9,6.60860682826
2013-02-13,SEA,SFO,7.0,4.472135955
2013-02-06,SFO,DEN,10.5238095238,7.13876073012
2013-03-04,MIA,JFK,13.0,8.88350531416
2013-01-17,DTW,ATL,8.16666666667,6.22376848201
2012-12-20,SFO,JFK,18.4864864865,12.7771967488
2013-01-28,JFK,LAS,12.2272727273,10.1180264318
2012-12-25,DEN,LAX,15.0344827586,11.8908210657
2012-11-20,CLT,LGA,12.44,8.26680107418
2013-01-21,DEN,ORD,9.63157894737,7.15860419601
2013-01-10,PHL,MCO,13.0740740741,8.06190436524
2012-11-29,JFK,LAS,11.7826086957,8.06201261664
2012-12-13,LAX,ATL,10.7826086957,7.83904285518
2013-01-07,ORD,MSP,9.23529411765,9.41759929444
2013-01-19,ATL,LAX,13.3703703704,10.2249624718
2013-02-07,LAX,IAH,13.1739130435,11.332383902
2013-01-07,ATL,DTW,9.2,6.97816142276
2012-11-21,LAS,DEN,11.4090909091,8.15714171993
2013-02-16,ORD,PHX,9.27777777778,6.80661923127
2013-01-06,BOS,LGA,3.5,2.44948974278
2012-11-28,DFW,BOS,8.26666666667,8.85975383943
2013-01-01,LAX,BOS,13.6666666667,8.94857100754
2013-03-04,ATL,DTW,11.7777777778,10.8928230855
2013-02-18,ATL,BOS,12.3181818182,10.5034523288
2013-02-18,LAS,JFK,14.037037037,11.2266217999
2013-01-01,DFW,LGA,10.2727272727,7.63564210155
2012-12-27,LAX,IAH,14.8928571429,10.2463698566
2013-02-27,SFO,SEA,11.6,10.470007289
2012-11-25,SFO,ORD,10.3,7.63716673836
2013-01-08,ATL,MIA,11.2727272727,8.86502930558
2013-01-21,ATL,CLT,9.0625,8.18509824824
2013-01-02,DTW,LGA,9.84210526316,7.30496906903
2013-01-17,DEN,ATL,7.66666666667,6.05530070819
2012-12-23,LAX,DFW,14.36,10.9197069558
2013-01-20,ATL,LGA,8.29411764706,5.52001705027
2013-01-11,LAS,SFO,17.9142857143,13.1067369937
2012-12-15,DEN,ORD,11.4,7.56306816048
2013-01-18,LAX,ATL,14.1,9.3120241142
2012-11-16,ATL,PHL,9.85,6.49919023296
2012-12-08,LGA,BOS,3.0,2.82842712475
2013-01-05,DEN,PHX,13.0,12.4007168252
2013-01-08,SFO,BOS,10.3333333333,6.71813466174
2013-02-08,PHL,BOS,7.55555555556,8.79077799616
2013-02-15,CLT,LGA,9.0625,7.07548584904
2012-12-19,LGA,ORD,11.2777777778,10.7254812345
2013-01-22,DTW,ATL,8.94736842105,6.77801744375
2013-02-22,SEA,DEN,7.4,4.9106298694
2012-12-02,SFO,ORD,9.89473684211,7.22568517968
2013-01-21,DFW,BOS,9.83333333333,7.45377914413
2013-02-26,EWR,ORD,6.69230769231,5.03958687766
2012-11-22,DEN,DFW,9.63157894737,6.8411380333
2013-02-24,ATL,DEN,9.68421052632,8.83837988912
2012-12-17,PHL,ATL,10.1818181818,8.00378698246
2013-01-21,DFW,DEN,10.3333333333,6.80685928555
2012-12-26,ATL,LAX,16.1764705882,11.1231960423
2013-01-03,SFO,ORD,11.7142857143,9.80888809776
2012-12-08,ORD,MSP,12.6666666667,10.6973516972
2013-02-22,DEN,ATL,12.2,9.61687114015
2013-02-23,LGA,DFW,8.1875,5.94663770546
2013-01-25,EWR,SFO,13.5,11.3624496988
2012-11-29,ORD,SEA,12.7272727273,10.1097869517
2012-12-09,ORD,MSP,9.95238095238,7.98421060892
2012-11-21,SFO,JFK,16.935483871,11.9441351965
2013-01-14,BOS,SFO,10.0555555556,8.47468355975
2013-02-18,ORD,EWR,7.93333333333,6.40832791504
2013-01-07,SFO,DFW,9.7,9.13120733356
2013-02-09,SFO,JFK,11.6818181818,9.92057200557
2013-03-04,ORD,LAS,9.53333333333,8.77387898144
2013-02-22,DEN,LAX,10.2173913043,6.99971766794
2013-02-22,MIA,LGA,16.78125,12.0636333664
2013-02-02,DEN,ATL,10.6470588235,10.3678660803
2012-12-15,JFK,SFO,15.9,10.9398039445
2013-01-19,ATL,DTW,10.7142857143,7.41716156722
2013-02-13,LGA,CLT,7.66666666667,5.62731433871
2013-02-03,IAH,ORD,9.94736842105,6.76160470936
2012-12-16,LAX,LAS,15.9666666667,11.5444667544
2013-02-08,BOS,ORD,8.64705882353,5.98896043223
2013-02-07,ATL,ORD,10.4285714286,7.03968343444
2013-01-09,EWR,SFO,8.4375,5.94383434045
2012-12-29,SFO,ORD,18.25,14.4392084527
2013-02-04,DEN,ORD,9.44444444444,6.75819521872
2013-02-09,EWR,BOS,10.1538461538,11.2682899756
2013-03-03,LAX,LAS,11.0434782609,8.58369628407
2012-11-26,LAX,LAS,13.962962963,11.0156583709
2013-01-10,LGA,ORD,8.05882352941,5.15352534964
2013-02-24,DEN,DFW,8.22222222222,6.13145751366
2012-12-10,BOS,LGA,5.64285714286,4.19903180887
2013-02-25,ORD,IAH,6.07692307692,4.03033370127
2012-12-20,PHL,BOS,6.57142857143,6.16084766538
2012-12-24,PHX,ORD,12.3913043478,9.29681827506
2012-12-26,DFW,PHL,10.1052631579,7.57110542965
2012-11-28,ORD,BOS,10.6315789474,9.28685167509
2012-11-24,BOS,ATL,11.3636363636,7.89542033952
2013-02-13,LGA,BOS,4.77777777778,4.11636301174
2013-02-19,EWR,ORD,6.15384615385,5.55046775576
2012-11-29,LGA,CLT,8.88235294118,6.85458197979
2012-12-18,JFK,LAX,19.0,13.3315314098
2013-02-09,DFW,DEN,13.0454545455,11.1290151566
2012-12-21,ATL,DFW,12.8181818182,12.2109878842
2012-12-06,BOS,PHL,5.83333333333,4.19595765065
2012-12-10,ORD,IAH,10.0,8.94427191
2013-01-31,ATL,SFO,6.30769230769,4.44193305114
2013-02-07,ORD,PHL,6.0,3.89444048185
2012-12-18,PHX,DEN,9.31578947368,6.20082997652
2013-02-06,MSP,ATL,10.5454545455,7.81163523352
2013-02-21,LGA,CLT,7.07692307692,5.85180226457
2013-01-05,ATL,PHL,13.88,12.5143917151
2012-12-04,MSP,ORD,10.95,9.98143012641
2013-02-22,MSP,DEN,10.2,6.90232607627
2012-12-10,BOS,ORD,8.4,7.44311762637
2013-01-27,PHX,DEN,10.1363636364,7.03254647739
2012-12-23,LAX,JFK,21.9333333333,14.1812936966
2013-02-03,SEA,DEN,9.5,6.94728046665
2013-02-05,DFW,SFO,8.6,7.84492556643
2013-03-05,DEN,MSP,7.5,6.04788583531
2013-02-16,BOS,EWR,14.1052631579,13.0847440294
2012-12-18,SEA,ORD,10.1904761905,6.577378259
2013-02-14,LAX,DFW,9.78947368421,7.01252013163
2012-12-05,DEN,SFO,10.875,7.55451204076
2013-01-20,EWR,BOS,9.94444444444,8.79486629817
2012-12-11,DFW,PHL,9.41176470588,7.08924205689
2012-12-26,DEN,ATL,12.5217391304,11.5202176637
2013-01-05,ORD,DFW,11.5909090909,8.05728945862
2013-02-28,PHL,DFW,7.61538461538,7.47817336808
2013-02-16,BOS,LAX,14.3846153846,9.79010489454
2013-02-11,ORD,DEN,9.55555555556,6.92159640054
2013-01-10,LGA,DTW,9.52631578947,8.32244903227
2013-02-15,JFK,MIA,18.5,13.1982403519
2012-12-11,MIA,LGA,14.6666666667,11.8822727539
2012-12-07,DFW,LAX,12.56,9.51349918099
2013-02-20,BOS,SFO,9.73333333333,8.48079061903
2012-12-01,ORD,DFW,13.9565217391,12.8043964782
2012-12-18,DEN,ATL,9.27777777778,6.80661923127
2013-02-11,SFO,LAX,13.8275862069,9.6030834539
2013-03-01,ORD,SEA,7.0,5.49241901776
2013-01-07,DFW,LGA,8.25,6.0608030271
2013-02-15,IAH,LAX,14.9666666667,11.0218695871
2013-03-04,MSP,DEN,4.8,3.61478445646
2012-12-11,MCO,EWR,13.44,9.96694536957
2013-01-25,LAX,ORD,11.0,7.35494650526
2013-02-09,SFO,SEA,9.1875,7.43163283987
2013-01-09,EWR,ORD,7.33333333333,4.95215200936
2013-02-21,ATL,EWR,8.21428571429,6.80699381777
2012-12-31,IAH,LAX,15.0833333333,12.5556731216
2013-01-02,LAX,SFO,17.0,12.8314130668
2013-01-20,SEA,ORD,7.73333333333,5.65011588587
2013-03-02,SFO,DEN,18.1785714286,14.9519070292
2013-01-02,CLT,ATL,9.05555555556,6.05341150507
2012-12-30,ORD,SFO,15.7307692308,11.1733887154
2013-01-20,MCO,EWR,12.7083333333,8.99506708613
2012-11-21,ATL,DFW,10.3333333333,6.81420085801
2013-01-14,BOS,PHL,7.42857142857,5.52914356582
2013-03-03,ORD,DEN,7.28571428571,5.56677743304
2012-12-31,CLT,ATL,6.46153846154,4.53900474802
2012-11-29,SEA,SFO,7.29411764706,5.38243330059
2012-12-14,CLT,LGA,10.7272727273,6.86732649291
2012-12-07,ORD,BOS,10.5,7.69483764064
2012-12-09,MIA,LGA,17.8857142857,11.9527782362
2012-12-12,PHL,DFW,6.69230769231,4.88850037306
2013-02-10,SEA,SFO,8.13333333333,6.51225950109
2013-01-07,SEA,SFO,13.0869565217,11.8241395746
2012-11-23,MCO,ATL,12.5454545455,9.53053874821
2013-03-01,ORD,LAX,8.64705882353,6.29425508371
2012-11-17,ATL,LAX,14.6153846154,12.4613865138
2012-12-13,BOS,ORD,10.1578947368,7.81922955778
2012-12-16,ATL,DFW,8.4375,6.08789783094
2013-02-23,BOS,ATL,11.05,8.24285974903
2013-01-06,MCO,ATL,16.25,10.364330892
2013-01-16,SFO,BOS,9.77777777778,8.06995557649
2012-12-11,DFW,SFO,8.14285714286,8.43853015689
2013-02-23,DFW,LGA,10.4705882353,9.0837605584
2012-12-21,DFW,DEN,13.8148148148,9.33989390912
2013-01-15,JFK,MCO,16.4516129032,12.6855264237
2012-12-04,JFK,SFO,14.875,13.0694216631
2012-11-28,ATL,MIA,12.875,10.2588773858
2013-01-31,DEN,SEA,6.6875,4.89515066162
2013-02-25,ORD,DTW,7.53333333333,5.44933372948
2013-02-22,BOS,PHL,5.2,4.58984386082
2012-11-18,JFK,LAX,16.46875,12.0669753941
2012-12-13,SFO,ATL,7.8125,5.28165062583
2012-12-06,LAS,JFK,15.3793103448,11.2103708143
2013-01-30,BOS,ATL,12.8823529412,15.3699477591
2013-03-01,LAX,DFW,13.84,10.346819157
2013-02-16,ATL,DEN,10.5,7.86397515657
2013-02-01,MSP,ATL,10.0,8.59620479294
2012-12-19,SEA,LAX,13.5384615385,11.0606718394
2012-12-09,BOS,PHL,5.69230769231,4.80251002749
2012-12-03,LAX,LAS,14.5,11.4810633138
2013-02-25,JFK,LAS,9.44444444444,7.07291621546
2012-11-29,ATL,MSP,11.6956521739,9.27084767434
2012-12-28,LGA,ORD,11.0952380952,8.27589730425
2013-01-25,LGA,ATL,9.125,9.3514704726
2013-01-03,SEA,SFO,13.2857142857,9.62580306552
2013-01-03,ATL,LAX,17.2941176471,12.7695884269
2013-01-25,ORD,ATL,10.9523809524,9.2923419571
2013-01-24,BOS,SFO,11.4736842105,9.70892156188
2013-02-16,SFO,DEN,15.037037037,11.0922061393
2012-12-13,LGA,DFW,9.83333333333,7.98712198774
2013-01-02,LAX,JFK,20.3170731707,13.8517851275
2012-11-26,EWR,SFO,14.0869565217,12.7204668421
2013-01-18,MCO,PHL,15.1428571429,11.33566736
2013-01-08,SEA,DEN,10.95,8.91760529574
2013-02-07,LAS,SFO,11.1363636364,7.85157220862
2012-12-01,ORD,IAH,11.9,10.5775332912
2013-01-11,CLT,LGA,6.71428571429,4.49664099298
2012-12-10,EWR,LAX,13.380952381,11.0021642892
2013-02-20,LAS,JFK,12.3703703704,8.52213474587
2013-02-22,BOS,ORD,7.66666666667,5.7279598296
2013-01-07,MCO,ATL,12.75,10.7106204911
2012-11-22,SFO,DFW,8.78571428571,8.22920289091
2013-01-30,DFW,DEN,8.55555555556,5.43650214343
2012-12-27,ORD,BOS,13.5384615385,9.95682989402
2013-03-03,BOS,PHL,5.36363636364,4.05642027588
2013-01-23,LAX,LAS,13.6666666667,13.4250468922
2013-02-15,MSP,ORD,9.77777777778,8.01142974356
2013-01-13,LGA,DTW,11.0476190476,8.18826105151
2012-12-09,BOS,EWR,6.85714285714,4.60530033861
2012-12-20,DEN,ORD,12.652173913,10.0209267202
2013-01-12,PHX,DEN,10.7272727273,8.86502930558
2013-01-16,ORD,ATL,7.66666666667,5.43358164785
2013-01-01,ATL,PHL,7.8125,5.28165062583
2012-12-29,DFW,BOS,7.26666666667,4.83243012907
2012-12-23,BOS,SFO,10.0,5.62731433871
2013-01-12,DFW,ORD,9.65,6.17529031919
2012-11-22,LAS,DEN,8.52941176471,6.17573525034
2013-01-13,LAX,ATL,12.1538461538,8.86201921773
2012-12-09,LAX,ATL,13.7857142857,10.0898083631
2013-02-08,ORD,DEN,9.84210526316,6.99414960199
2012-12-23,ATL,MSP,13.08,10.2872088861
2013-01-03,DTW,ORD,6.9375,5.22135040004
2013-02-11,ATL,LGA,7.94117647059,6.43691102388
2012-12-12,DFW,PHL,8.0,8.80908621822
2012-12-22,ORD,DFW,14.4230769231,11.1970463138
2012-12-05,SFO,DFW,11.0555555556,10.9730805489
2013-01-16,DFW,ATL,7.94117647059,6.13871513669
2013-01-17,ATL,LGA,9.05555555556,6.19745889313
2012-12-18,DFW,LAX,13.037037037,9.45630225943
2013-01-06,PHL,DFW,8.05882352941,5.15352534964
2013-01-26,ORD,IAH,10.5555555556,7.9054874629
2012-12-04,DFW,LAX,12.5454545455,9.54551638817
2013-02-04,ATL,ORD,10.2352941176,8.17411625013
2013-02-09,DEN,PHX,8.65,6.00241179597
2013-01-11,ORD,ATL,10.2105263158,7.50243625149
2012-12-17,ORD,DEN,8.94444444444,6.15937565803
2013-03-01,CLT,LGA,7.9375,5.54338945652
2013-02-25,EWR,LAX,8.52941176471,5.60265168312
2013-02-22,SEA,SFO,9.3,6.93655458233
2013-02-12,PHL,ATL,9.11764705882,8.03805288099
2013-02-22,DFW,PHL,6.0,3.89444048185
2012-11-26,MSP,DEN,9.68421052632,6.53242027275
2013-01-28,ATL,ORD,7.4,5.24812891828
2013-01-28,BOS,LAX,7.8125,5.34438958161
2013-01-05,MIA,LGA,17.6060606061,11.5972501965
2012-12-11,DFW,LAS,11.5909090909,8.77582768263
2013-02-11,DFW,PHL,6.61538461538,5.2999758103
2013-02-26,LGA,DTW,6.53846153846,4.75421540347
2012-12-26,SEA,SFO,13.3043478261,11.5618289785
2013-01-13,LGA,MIA,14.4166666667,12.5244688047
2013-02-18,LGA,DFW,8.375,6.43816744113
2012-12-08,ATL,DFW,9.75,6.42261628933
2012-11-18,LAX,BOS,11.8571428571,10.1404423685
2012-12-05,LAX,IAH,12.7272727273,10.5432524944
2013-01-27,BOS,EWR,8.46666666667,6.45718499776
2012-11-19,SFO,DEN,9.63157894737,6.87354450303
2013-02-21,DFW,LGA,8.05555555556,6.40286904646
2012-11-16,PHL,ORD,10.619047619,7.33809369303
2013-03-05,ORD,PHL,8.125,5.53624421427
2013-01-27,JFK,LAX,17.5714285714,12.3557219759
2012-12-01,LGA,ATL,13.1304347826,10.1726207753
2012-11-17,SFO,DEN,11.3333333333,8.40436394579
2013-01-02,SEA,SFO,12.8333333333,10.3321644968
2013-01-08,ATL,PHL,7.875,6.56124988093
2013-01-05,ORD,PHX,11.2727272727,8.03078492387
2013-01-11,DEN,LAS,7.625,4.96487663492
2012-12-13,LGA,MIA,13.8636363636,11.8132107427
2013-02-11,BOS,SFO,7.42857142857,6.52467842667
2012-12-08,DEN,MSP,5.66666666667,3.91578004149
2012-11-18,DEN,SFO,11.6666666667,9.62462120467
2012-12-05,LAX,ATL,10.4761904762,9.76022052834
2013-01-16,DTW,ORD,5.45454545455,4.15604707297
2013-02-06,DEN,DFW,7.57142857143,5.93184736712
2013-01-26,SFO,BOS,12.0952380952,8.36005240357
2012-12-15,PHX,DEN,9.1,6.98042375429
2013-02-17,LAX,DFW,13.4,9.30949336251
2012-11-25,DTW,LGA,12.4,8.0104098938
2012-12-07,DFW,DEN,8.72222222222,5.71690532858
2012-12-24,DTW,ORD,9.14285714286,9.72591417777
2013-03-02,PHX,DEN,12.3181818182,9.99231306287
2013-02-07,PHX,DEN,9.11111111111,6.37909166398
2013-02-25,MSP,ATL,9.94444444444,8.14914085852
2012-12-06,ORD,EWR,8.13333333333,6.67475699576
2012-11-21,MSP,ORD,11.5714285714,10.2643627594
2012-11-30,ORD,EWR,11.0555555556,10.0964304829
2013-02-14,ORD,EWR,8.86666666667,8.50098033562
2013-01-12,PHX,ORD,13.1304347826,10.2038510904
2013-02-27,DFW,BOS,8.2,6.31551377844
2013-01-21,DTW,LGA,8.58823529412,5.92725509331
2013-01-18,LAX,IAH,11.2380952381,8.5959569677
2012-11-28,PHL,ATL,8.76470588235,6.95996957397
2012-12-22,BOS,PHL,9.8,8.41087731113
2013-01-11,DEN,LAX,17.9375,13.0407240547
2013-01-17,MSP,ATL,10.3333333333,8.59844947263
2013-02-28,EWR,LAX,11.7,10.0895986045
2013-03-01,ORD,LGA,8.58823529412,6.25558573926
2013-02-04,LAX,DEN,12.64,10.2464628043
2012-12-25,LAX,DEN,10.2272727273,7.96977515475
2013-01-12,JFK,LAX,20.0769230769,12.9439777002
2012-12-20,LAX,ORD,14.4137931034,10.373445637
2013-01-25,SFO,SEA,9.10526315789,5.80129043922
2013-02-20,PHL,DFW,7.0,6.96419413859
2012-12-11,ORD,EWR,9.1875,8.46340160141
2013-02-09,JFK,LAS,10.5909090909,8.41573973722
2012-12-22,LAX,IAH,17.0,10.9691649931
2013-01-01,BOS,EWR,9.05882352941,6.57143998903
2012-12-29,BOS,LAX,17.4333333333,12.95797806
2012-12-05,DEN,ORD,7.73333333333,5.99364743072
2013-03-04,LAX,DFW,11.3888888889,10.4607889079
2013-01-10,DFW,LGA,11.0952380952,9.64834059258
2012-12-25,SFO,ATL,9.55555555556,7.20475514726
2013-01-16,BOS,ORD,8.29411764706,5.48594460738
2012-12-02,ORD,IAH,8.84210526316,7.17451630499
2013-02-22,SEA,LAX,11.1304347826,8.51898600361
2012-11-16,SEA,SFO,13.92,10.4200127959
2013-02-28,JFK,MCO,11.05,9.47836872485
2013-03-04,BOS,PHL,3.5,2.44948974278
2012-11-25,SEA,LAX,11.05,9.99197046054
2012-12-05,ORD,DTW,6.8,5.77185288398
2012-11-15,SFO,JFK,13.2222222222,9.6250208125
2012-12-03,LGA,ORD,10.7368421053,8.62710267615
2013-01-28,DTW,LGA,8.6,10.5342977256
2013-02-26,DEN,SEA,10.15,7.05075583854
2012-12-18,LAX,SFO,17.0303030303,12.243582116
2013-01-28,ATL,LGA,11.5555555556,12.7980799213
2013-02-02,LAS,DFW,11.2857142857,8.69564751553
2012-12-18,BOS,LAX,13.25,10.1306680324
2012-12-31,LAX,SEA,13.7142857143,10.0769525922
2013-01-18,DTW,ORD,6.71428571429,4.49664099298
2012-11-15,LAX,IAH,13.4615384615,9.1092514258
2013-03-01,MCO,PHL,13.4444444444,8.70160609991
2013-02-09,LAX,SFO,11.2173913043,9.43858869332
2013-02-13,LAX,ATL,11.5238095238,10.1420858191
2013-02-15,PHX,DEN,9.22222222222,9.25810014531
2012-12-15,LGA,ORD,8.52941176471,6.26615559034
2012-12-01,SFO,EWR,12.7727272727,10.8405403932
2013-02-11,JFK,LAX,14.2307692308,12.8850539535
2012-12-19,ORD,LAS,12.6666666667,8.68114732282
2012-12-28,MSP,DEN,10.7142857143,7.91923517231
2013-03-04,MCO,EWR,12.1363636364,9.29052489442
2013-01-02,CLT,LGA,9.8,6.44490823094
2012-12-26,DTW,ATL,13.8571428571,10.2802013445
2013-01-18,MCO,ATL,12.2083333333,10.2786362091
2013-02-07,SEA,ORD,7.85714285714,6.54989304501
2012-12-30,LAX,SEA,14.5925925926,13.0745179622
2013-02-25,BOS,SFO,10.2222222222,8.67420486646
2013-01-05,LAS,ORD,12.9583333333,10.3817530842
2012-11-23,EWR,ATL,7.1875,6.15595917249
2013-01-27,LAX,EWR,11.9166666667,7.91210776439
2012-12-08,ATL,BOS,9.35294117647,7.79375692839
2013-01-10,JFK,LAX,20.5897435897,14.617433623
2012-11-23,LGA,BOS,3.33333333333,3.26598632371
2012-11-15,LAS,JFK,13.6,11.2989675045
2013-02-23,ORD,PHL,9.05882352941,6.8416974158
2013-02-03,DTW,LGA,5.78571428571,4.44069591616
2012-12-26,DEN,MSP,10.1363636364,7.52959528758
2013-01-23,PHL,BOS,8.78571428571,7.91472407244
2012-11-26,LAX,IAH,14.0769230769,9.48650863879
2012-11-17,ATL,LGA,12.8928571429,8.84156549618
2012-12-21,BOS,ORD,11.8260869565,8.22773675891
2013-02-10,PHL,BOS,8.13333333333,9.03854181244
2013-01-15,LGA,DTW,7.46666666667,5.18054970424
2013-01-04,PHL,MCO,14.2307692308,10.9665224837
2012-11-19,EWR,LAX,10.8181818182,6.96683547508
2013-02-25,BOS,PHL,6.5,7.22998805481
2012-12-15,LAX,EWR,15.6451612903,10.3038775455
2012-12-30,ATL,ORD,11.8181818182,8.94765925036
2013-02-14,LGA,ATL,11.9565217391,8.05931567628
2012-12-05,SFO,LAX,14.037037037,10.5045099526
2012-12-16,PHL,MCO,18.4848484848,13.4236759406
2013-01-26,LAX,SFO,16.9310344828,12.2909113764
2012-11-30,JFK,LAS,13.8846153846,10.6558037635
2012-12-26,LAX,IAH,13.9583333333,11.2770608515
2013-02-10,ORD,LAS,13.2307692308,9.26199845523
2012-12-31,MCO,ATL,12.44,9.29641507966
2012-11-16,LAX,BOS,14.24,10.7481781402
2013-02-19,BOS,PHL,6.69230769231,5.03958687766
2012-11-29,MCO,PHL,12.6153846154,9.46182613696
2012-12-10,DEN,SFO,13.3333333333,12.3625779404
2013-02-12,BOS,SFO,10.1764705882,9.44877832128
2013-01-23,EWR,SFO,9.1875,7.72199240266
2013-01-28,IAH,ORD,9.64705882353,8.03851025121
2012-12-05,SFO,JFK,12.5833333333,8.88534047532
2013-01-01,ATL,BOS,14.8461538462,11.109247707
2013-01-29,SFO,LAS,12.0454545455,8.93083088294
2013-01-26,DFW,LAS,9.11111111111,6.79869268479
2013-01-01,DEN,SFO,13.4814814815,10.7071879896
2012-12-19,LAS,ORD,13.375,9.86347015397
2012-12-22,SFO,LAX,20.85,14.278457864
2013-01-26,DFW,PHL,9.375,7.80491298265
2012-12-03,ORD,IAH,9.58823529412,7.9848201571
2013-02-03,LAX,BOS,10.0476190476,7.57942075937
2012-12-27,BOS,EWR,17.0666666667,13.2455153981
2012-12-16,LGA,CLT,11.6,8.16496580928
2013-01-09,DFW,LAX,13.3043478261,10.6618895759
2012-12-14,SEA,SFO,10.7826086957,7.86798184669
2012-12-09,LAX,DFW,15.1481481481,12.6025141072
2012-11-23,PHL,ORD,8.23529411765,5.37970040714
2013-01-23,LGA,ATL,11.0,11.4600756251
2012-12-20,DEN,MSP,9.68181818182,6.67893892083
2012-11-27,ORD,LGA,10.2380952381,8.60177168905
2012-12-20,ORD,MSP,14.1739130435,12.3201688813
2012-12-14,ORD,BOS,11.55,11.0523872153
2013-03-02,MCO,EWR,17.0,15.7241851935
2013-01-25,JFK,SFO,13.652173913,11.195001708
2012-12-21,SFO,EWR,12.5,8.52617453339
2012-11-20,SEA,ORD,15.0384615385,11.857422213
2013-01-25,DFW,DEN,10.45,6.96211552846
2013-02-04,LAS,DEN,12.037037037,7.87635937709
2012-12-31,ATL,CLT,6.26666666667,4.75795073935
2013-01-12,ORD,LGA,12.4761904762,10.9663988967
2013-01-12,DFW,PHL,7.64285714286,4.41339121062
2013-02-06,ATL,SFO,11.3684210526,9.10561808455
2013-01-01,ATL,LAX,10.9166666667,7.65515834424
2013-01-12,ORD,DFW,10.7368421053,9.76298056301
2013-01-07,EWR,ORD,9.55,6.00416522091
2012-11-24,PHL,DFW,10.95,8.87026374734
2012-12-03,SFO,ORD,10.1176470588,10.5586596743
2013-01-24,PHL,DFW,9.05882352941,6.53328581415
2012-12-19,DEN,PHX,12.6956521739,10.0065196139
2012-11-15,DFW,LAX,10.9090909091,8.92246544462
2013-01-04,JFK,LAS,15.6666666667,13.8773091824
2012-12-27,ORD,EWR,9.86363636364,6.97816632037
2013-02-11,LAX,SEA,11.3043478261,8.70963302958
2012-12-13,PHX,DEN,8.47368421053,6.23937693695
2012-12-29,DFW,DEN,14.16,10.8845456191
2012-12-10,ORD,SFO,8.66666666667,7.40429128356
2012-12-02,BOS,EWR,9.23529411765,7.52935431963
2013-01-07,MCO,EWR,16.3571428571,12.6468098326
2013-02-04,ORD,DTW,6.06666666667,4.36653943835
2012-11-18,ATL,MIA,11.9583333333,9.50276466255
2012-12-07,MSP,DEN,7.0,5.41602560309
2012-12-07,DEN,SEA,10.7272727273,6.89500729087
2013-01-26,ORD,SEA,10.3157894737,7.60885910253
2013-02-22,DFW,DEN,9.16666666667,6.40082715243
2013-01-05,EWR,LAX,13.8461538462,9.84963880634
2013-02-22,LGA,MIA,9.47368421053,6.39764210951
2013-01-15,PHL,ATL,7.77777777778,5.65223074709
2013-01-18,BOS,PHL,8.4,6.98774437344
2012-11-19,PHL,ORD,9.0,6.10689099682
2013-01-15,LAX,SEA,10.9047619048,9.16463180878
2012-12-19,DEN,MSP,9.21052631579,5.98682764602
2012-11-20,LAX,JFK,18.8684210526,13.1358207444
2012-11-27,MSP,ATL,9.81818181818,6.77977639494
2012-11-28,ORD,IAH,7.46666666667,5.50151494287
2013-02-15,SFO,BOS,10.7142857143,7.51094439563
2012-12-23,LAX,LAS,14.5769230769,12.5926107759
2013-02-10,DTW,LGA,8.4,10.2176318196
2012-12-01,ATL,EWR,8.46666666667,7.7447370763
2012-11-29,DEN,LAX,10.8571428571,7.6110821457
2013-01-22,LAX,JFK,17.0909090909,12.8874057619
2012-11-28,ATL,BOS,8.42105263158,6.18524938394
2013-02-20,ORD,PHX,8.0,5.04975246918
2012-11-16,DFW,ATL,12.0,11.1568898209
2013-02-24,DFW,LAX,8.88888888889,6.98644813309
2012-11-16,ATL,DFW,11.8333333333,7.60815733085
2012-12-22,ORD,SFO,19.5,13.1937772293
2013-01-28,LGA,CLT,6.85714285714,5.82906699035
2013-02-05,ATL,MIA,12.9583333333,10.11876933
2012-12-20,SFO,EWR,14.8695652174,13.4106617958
2012-12-08,SFO,LAX,14.2222222222,11.4028786289
2013-03-05,LGA,DFW,5.91666666667,4.31610795495
2013-01-21,LAX,SFO,13.4444444444,10.5514611942
2013-02-05,SFO,LAS,10.9130434783,8.23469955007
2012-12-09,PHL,ATL,9.35,7.44294084492
2013-01-13,ATL,LAX,13.4642857143,9.86006589587
2012-11-27,MIA,ATL,14.9230769231,11.5201495717
2012-12-09,MCO,PHL,18.4166666667,12.1311287898
2012-12-08,LAX,IAH,17.75,14.3362400154
2013-01-02,DEN,LAS,10.0952380952,6.36321272554
2013-02-01,DFW,PHL,7.53333333333,5.37011128731
2012-11-15,LGA,CLT,7.86666666667,6.09293111103
2012-12-08,IAH,ORD,10.8421052632,9.32298925533
2013-02-07,LAX,BOS,11.5,9.72355999866
2013-02-07,MSP,ORD,11.2105263158,10.1246615711
2013-03-04,DEN,LAX,11.3,9.60865837615
2013-01-31,EWR,LAX,10.5714285714,7.2081303302
2013-02-26,BOS,LAX,7.92857142857,6.78759372469
2013-01-10,DEN,SEA,8.95,6.7236816356
2013-01-01,SFO,SEA,10.3913043478,7.12064304064
2012-12-19,CLT,LGA,12.6086956522,11.7656631789
2012-12-10,ATL,MSP,10.7,9.69047280363
2012-12-10,MIA,JFK,16.3,12.6495195493
2013-03-02,DFW,PHL,4.0,2.16024689947
2012-12-17,PHL,DFW,7.13333333333,4.71875689845
2013-01-30,JFK,MCO,12.48,10.0917458021
2012-11-29,ATL,CLT,7.52941176471,5.83221277753
2012-12-09,LGA,ATL,14.8148148148,12.3414156931
2012-12-13,LAS,SFO,10.6315789474,9.40573422213
2013-01-26,SFO,ATL,7.70588235294,5.83914276545
2013-01-27,LAX,BOS,11.5769230769,7.65335522198
2012-12-05,JFK,LAX,17.25,11.6677210408
2013-02-15,SEA,ORD,12.2608695652,9.28448065471
2013-01-31,PHL,MCO,11.6666666667,7.32278556328
2013-01-17,PHL,BOS,7.08333333333,6.9603857434
2013-02-17,ATL,MSP,10.2631578947,7.31696738382
2013-03-01,ORD,PHX,7.66666666667,5.30049413689
2012-11-21,MSP,DEN,12.5,10.008329864
2012-11-18,ORD,LAX,11.7083333333,7.43949020382
2013-03-01,DEN,ORD,11.6842105263,9.66696914227
2013-02-22,ATL,LAX,11.7272727273,10.955241486
2013-03-04,DFW,ATL,12.92,8.68868996646
2013-03-05,DFW,LGA,5.66666666667,3.86906926401
2013-01-04,MIA,LGA,18.6,12.61698202
2013-03-04,DFW,PHL,10.4,7.02177065689
2012-11-28,IAH,ORD,9.75,9.78093383408
2013-01-23,PHL,ATL,6.64285714286,6.18443633222
2012-12-18,SFO,LAX,14.8620689655,11.1314359808
2013-02-11,PHX,DEN,9.15789473684,5.89974724407
2012-12-29,SFO,DEN,9.31578947368,6.15587011251
2012-11-17,SFO,LAX,13.9642857143,10.297364434
2013-01-14,ORD,DTW,10.3,9.09655805352
2012-12-26,ORD,IAH,11.2727272727,8.01891702807
2012-12-21,DEN,ORD,12.4545454545,9.89818296325
2013-02-20,ATL,ORD,7.875,5.34009987422
2013-02-24,LAX,DFW,15.3214285714,12.6316872907
2012-12-01,LAS,JFK,12.1739130435,8.54215309197
2012-12-11,SFO,LAX,14.2592592593,11.4374304289
2013-01-03,EWR,ORD,12.7,12.3164417281
2012-12-06,ORD,DEN,7.5625,4.87125924856
2013-01-04,BOS,LGA,3.75,2.91547594742
2012-12-05,ORD,LAS,8.52941176471,6.10448244181
2013-02-07,ATL,MCO,10.0,6.93579578404
2013-01-25,MCO,PHL,12.7083333333,9.87961963124
2012-12-16,ORD,PHX,8.7,6.09659093696
2012-12-03,DEN,PHX,9.0,7.50111102882
2013-02-03,LGA,CLT,9.44444444444,8.14011289286
2012-12-12,DFW,BOS,5.57142857143,4.07080195679
2013-02-16,PHL,BOS,11.1538461538,13.4464750886
2012-12-08,BOS,ORD,9.0625,7.48748956594
2013-01-01,MCO,ATL,14.6428571429,10.2747957922
2012-12-10,SFO,LAS,16.2307692308,13.0546779119
2012-12-10,IAH,LAX,13.2727272727,12.954799876
2012-12-12,EWR,ATL,7.11764705882,5.06066143085
2013-02-03,ATL,MIA,11.875,8.75419154264
2012-12-28,ORD,ATL,14.3181818182,13.0069079215
2012-12-18,SFO,JFK,16.0357142857,13.5277003681
2012-12-07,PHL,BOS,4.5,3.0276503541
2012-11-26,LAX,ATL,15.8,12.5955657222
2013-01-29,LAX,BOS,9.64705882353,7.92102563175
2013-01-26,LGA,DTW,6.23076923077,4.2847373734
2012-12-16,DEN,ORD,13.2272727273,12.1456706697
2013-01-23,LAX,ATL,10.9523809524,8.16992160597
2013-01-03,ATL,ORD,17.7407407407,14.2871448205
2013-01-27,ATL,PHL,13.3333333333,12.5193184053
2012-11-17,LAX,LAS,13.12,10.8255869741
2013-02-04,DFW,LGA,12.2,10.9861156394
2012-12-21,LAX,EWR,16.4827586207,12.4430723401
2013-02-10,ATL,DFW,6.75,4.94637914708
2012-11-28,SEA,DEN,9.05882352941,7.21518007602
2013-01-01,DEN,SEA,14.4814814815,10.4121614189
2012-12-27,BOS,ORD,11.1363636364,8.06695466553
2012-11-17,LAX,JFK,18.8205128205,12.5275943733
2012-11-23,JFK,LAX,17.8484848485,12.2119849229
2013-01-17,LAX,SFO,16.9117647059,11.9832399298
2013-01-23,JFK,MCO,11.4545454545,7.91458733231
2013-01-29,MSP,DEN,8.125,8.07361959305
2013-03-05,LAX,BOS,11.1,8.58946723426
2012-12-24,ATL,DTW,7.8,5.78421497328
2013-03-03,ORD,SFO,8.41176470588,5.78855361392
2012-11-17,DFW,PHL,9.23529411765,7.49607740559
2013-02-10,LAX,ATL,11.9545454545,10.2885848568
2012-12-14,LAS,JFK,13.7857142857,10.307699901
2013-03-02,MIA,ATL,15.5416666667,12.727850895
2013-01-05,JFK,SFO,21.05,13.933817928
2012-12-06,ORD,SFO,8.125,5.77205913576
2012-12-24,JFK,MIA,13.9166666667,11.3517539984
2013-01-07,PHL,ORD,9.58823529412,8.68949670241
2013-01-10,DFW,LAX,14.68,12.1405656101
2012-12-29,LGA,MIA,17.4,11.8822655792
2013-01-21,LAX,IAH,12.1363636364,10.324706635
2012-11-29,LAS,SFO,13.3333333333,10.5156887623
2013-01-13,ORD,ATL,10.5714285714,9.35719738261
2013-02-07,ATL,DFW,9.11111111111,6.23923910226
2012-12-10,DEN,ATL,8.29411764706,5.52001705027
2012-12-12,PHL,BOS,8.0,7.30647763184
2013-02-24,PHX,DEN,11.5,8.58208447366
2013-01-03,ATL,EWR,9.5,5.9160797831
2012-12-10,LGA,BOS,5.61538461538,4.87405480646
2013-01-14,SFO,LAX,15.3666666667,11.7575605414
2012-12-06,ATL,BOS,10.5714285714,9.16281304279
2012-12-03,ORD,EWR,10.1176470588,8.23014544936
2012-12-27,LAX,BOS,11.5217391304,9.54829620793
2012-11-22,MIA,LGA,10.6111111111,8.52083183518
2013-02-12,ORD,PHL,6.61538461538,4.66437672754
2013-03-02,ATL,LAX,7.61538461538,6.86219670293
2012-11-26,LAS,LAX,18.5454545455,14.1246480246
2013-01-19,ATL,ORD,11.0555555556,9.93787894415
2013-01-10,MSP,DEN,9.15789473684,5.92792972944
2013-03-03,DFW,ATL,7.0,5.30408647491
2012-11-29,EWR,SFO,10.8888888889,9.98168256999
2013-01-05,EWR,ORD,9.0,8.5712698398
2012-11-25,ATL,MIA,13.4090909091,11.5290898782
2013-02-01,SFO,SEA,9.73684210526,6.78922434829
2013-02-05,DTW,LGA,8.11764705882,6.32339261138
2012-12-23,MCO,EWR,17.3666666667,12.9919957675
2013-01-21,ORD,SEA,11.5714285714,8.60564598721
2013-02-28,SFO,ORD,10.9047619048,7.79040924409
2012-12-19,DFW,LAX,13.2916666667,10.1702001462
2013-02-09,LAX,JFK,15.2580645161,11.4337737775
2012-11-21,SFO,LAX,13.037037037,9.5574436616
2013-03-05,SFO,DEN,14.3333333333,11.3661077681
2013-01-05,LGA,CLT,10.0,7.38617326872
2013-01-24,DEN,LAX,16.2068965517,11.9981525672
2013-02-07,SFO,EWR,10.2,7.27360042605
2012-11-24,LGA,DTW,13.4583333333,10.6402809977
2012-12-11,DEN,LAS,14.3571428571,11.3634054811
2013-01-27,PHL,DFW,9.0,6.06823939967
2013-02-06,DTW,ATL,12.5238095238,10.1568649081
2013-02-02,ORD,DEN,11.8181818182,6.9873107003
2013-01-14,LAX,ORD,14.7692307692,11.1114632423
2012-12-25,ORD,SEA,11.0,10.3364454849
2013-01-22,SFO,LAS,11.3181818182,7.89446076832
2013-03-01,ATL,BOS,8.44444444444,6.93857268101
2013-02-26,DFW,LAX,7.13333333333,6.18600571182
2012-11-16,JFK,MCO,15.6296296296,12.1596689863
2012-11-24,PHL,ORD,9.68421052632,6.91257012485
2012-12-04,DEN,ORD,10.4736842105,9.35929971889
2013-01-31,EWR,BOS,8.7,6.09659093696
2012-12-26,SFO,JFK,16.40625,10.8117599504
2012-12-11,DFW,ATL,8.83333333333,6.0415229868
2013-03-04,ORD,SEA,9.93333333333,10.5252530792
2013-02-14,LAX,EWR,11.5,11.1095028076
2012-12-01,ORD,SEA,15.3333333333,14.0475383371
2013-03-03,IAH,ORD,8.47058823529,5.91732252648
2013-03-02,MSP,ORD,13.0714285714,15.8622158008
2013-02-13,SFO,ORD,9.55,6.00416522091
2013-01-01,ORD,DEN,11.7142857143,9.13314215997
2013-01-03,SFO,BOS,14.7307692308,11.3333408748
2013-02-03,SFO,BOS,7.66666666667,5.43409714347
2012-11-28,SFO,ORD,10.5263157895,8.74559203925
2013-03-04,ORD,PHX,7.0,7.61577310586
2012-11-17,ATL,DFW,12.35,10.9989233923
2012-12-10,SFO,SEA,12.5384615385,9.07405430546
2013-01-29,EWR,BOS,9.4,8.55903866431
2013-01-17,LAX,DFW,14.7586206897,9.72719006707
2013-02-14,ATL,CLT,5.90909090909,6.72985208537
2013-02-19,CLT,ATL,10.25,10.0365996898
2012-11-21,SEA,LAX,9.95454545455,7.33859512134
2013-01-06,ORD,BOS,9.6,6.08189721092
2013-01-19,LAX,ATL,12.28,10.1919903192
2013-02-03,DFW,LAS,9.0,6.33384930819
2013-01-25,ORD,MSP,9.55555555556,6.85327077106
2012-12-10,DFW,PHL,7.6875,5.12144185427
2012-12-01,MSP,ORD,9.47058823529,7.35796886935
2013-02-05,ATL,EWR,6.71428571429,4.59813626841
2013-02-02,JFK,MCO,12.9615384615,9.81623459064
2012-11-19,DEN,MSP,7.53333333333,5.26262653959
2012-12-30,PHX,DEN,14.3461538462,11.0088775366
2013-01-23,LAS,SFO,13.8461538462,9.95868387968
2012-12-09,ATL,PHL,8.72222222222,7.96909881654
2012-11-19,LAS,JFK,13.6071428571,9.96415533472
2013-02-06,LGA,ATL,8.64705882353,7.17583772523
2013-01-02,ORD,LGA,12.2857142857,11.0278867293
2013-03-05,LAX,ATL,12.2857142857,10.5315851473
2012-12-08,ORD,PHX,11.1,9.28439551075
2012-12-31,DTW,ATL,11.0526315789,9.73809064225
2012-11-15,SEA,LAX,9.73684210526,8.31225404156
2013-02-21,SFO,SEA,11.2857142857,8.54483971262
2013-01-05,SFO,BOS,14.12,11.336960204
2013-01-01,EWR,ATL,13.9130434783,12.0450406372
2013-02-15,ATL,BOS,12.5238095238,10.6424576467
2012-11-19,LGA,MIA,11.2,8.5013930747
2013-01-02,SFO,DEN,13.1363636364,11.4029881403
2012-12-18,MIA,LGA,11.0476190476,9.98236540343
2012-12-02,DTW,ATL,6.46666666667,5.09715139867
2013-01-16,LAS,DEN,10.1904761905,6.48551499589
2012-11-18,MSP,DEN,9.0,6.31524765478
2012-12-02,LGA,CLT,10.75,8.88449269944
2013-01-14,DEN,ORD,8.0,5.04975246918
2013-02-13,DFW,PHL,7.26666666667,4.83243012907
2013-01-20,BOS,LAX,13.1666666667,10.7082522695
2013-03-02,LAX,LAS,10.2222222222,9.84321537349
2013-02-25,ATL,CLT,6.16666666667,4.68718433281
2012-12-06,SEA,LAX,10.0952380952,8.84819056025
2012-12-14,ORD,DFW,12.5416666667,8.85623910102
2012-12-14,BOS,ORD,11.6818181818,8.65962917735
2013-02-04,LAX,SEA,12.52,8.08867521085
2013-02-13,DTW,LGA,8.11764705882,6.18346942401
2012-11-17,ORD,BOS,11.3636363636,8.07433001523
2012-12-13,ATL,MIA,15.8928571429,12.8274569106
2012-12-28,ATL,BOS,14.1153846154,10.4358111255
2012-12-12,DFW,LGA,7.9375,5.4585559751
2012-12-12,LAX,SFO,15.0,12.5667448818
2012-12-14,SFO,ATL,9.55,7.65351656361
2012-12-24,ATL,BOS,10.2105263158,7.70698779152
2012-11-22,DTW,ORD,7.70588235294,6.05975149947
2012-11-27,DTW,LGA,8.38888888889,6.55419837508
2013-02-19,ATL,CLT,5.69230769231,4.80251002749
2012-11-20,ORD,DFW,13.1666666667,9.67141312757
2012-12-10,SFO,DEN,9.38888888889,7.66304262172
2013-01-26,BOS,EWR,7.64705882353,5.73303122779
2013-02-26,ATL,BOS,10.3,8.76656327069
2012-11-17,SFO,JFK,14.1153846154,10.6257307441
2013-01-28,BOS,PHL,4.6,3.20416395752
2013-02-05,MCO,EWR,10.25,7.00281898125
2012-12-25,PHL,MCO,18.09375,11.6656633593
2013-03-02,ATL,SFO,7.08333333333,6.2443914229
2013-02-26,DFW,DEN,8.8125,10.1798411906
2013-02-26,IAH,LAX,11.9090909091,9.06016446245
2013-02-26,ORD,PHL,7.08333333333,6.37407153072
2012-12-05,SEA,LAX,13.2173913043,11.0575211826
2013-03-03,DFW,DEN,7.73333333333,5.70045946352
2013-02-21,MSP,ORD,9.29411764706,7.26949711021
2013-01-19,LAX,JFK,17.3548387097,13.0602409041
2012-12-03,PHX,ORD,11.7058823529,11.6230627734
2012-12-12,DFW,DEN,7.8125,5.34438958161
2013-01-01,ORD,MSP,11.9130434783,10.1619300398
2012-12-22,SFO,EWR,14.32,8.70210702455
2012-12-01,ORD,PHX,8.66666666667,5.59411455434
2012-11-19,PHX,DEN,9.81818181818,6.90504552336
2013-01-31,IAH,ORD,11.75,9.28425378913
2013-02-14,IAH,ORD,9.76470588235,7.66101667343
2013-03-01,PHL,DFW,9.72222222222,6.72839073108
2012-12-06,LAX,LAS,13.5384615385,10.9953836467
2012-12-15,LAX,ORD,16.0625,11.2764027094
2013-01-04,ATL,LGA,13.2307692308,8.89632594865
2012-11-17,BOS,LGA,9.5,12.6598865426
2012-12-01,ATL,LGA,14.3333333333,11.5407281311
2012-12-11,LAX,SFO,13.5384615385,10.5422227987
2013-02-06,LAX,IAH,12.2727272727,10.479830143
2012-12-09,LAX,JFK,18.3684210526,12.2946286945
2013-02-05,MSP,ATL,10.5454545455,8.02808921539
2013-01-22,SFO,ATL,8.95,6.27002056573
2012-12-11,IAH,LAX,9.71428571429,7.38337901738
2013-03-04,EWR,LAX,10.125,9.47892398957
2012-12-24,SFO,JFK,15.6129032258,11.6180245577
2012-12-04,ATL,MIA,11.347826087,9.30106883229
2012-11-29,LAS,DEN,10.3,9.00350808823
2013-03-03,LGA,ORD,8.5,6.62659525744
2012-12-17,LAX,BOS,13.8214285714,10.6251050415
2013-01-29,MCO,PHL,10.15,6.52343951899
2012-12-15,MCO,PHL,14.9,9.62521831369
2013-02-01,SFO,LAX,15.0384615385,12.6316452427
2012-12-13,CLT,LGA,12.625,8.87013798236
2012-12-02,MIA,LGA,18.4375,13.5168652121
2012-11-16,EWR,ATL,10.8,8.87693640847
2013-02-25,ORD,LAX,10.7368421053,8.15026997006
2013-01-29,LGA,ORD,6.5625,4.66145542365
2013-02-27,LAS,SFO,12.0526315789,11.8061833338
2012-12-25,BOS,PHL,8.625,4.99165971062
2012-12-19,EWR,ATL,12.7391304348,9.34790881478
2013-02-17,ATL,ORD,12.7391304348,9.10153529159
2012-11-28,BOS,LAX,11.3888888889,8.43060872053
2012-11-15,ATL,EWR,11.1904761905,8.51245585962
2012-11-21,DFW,SFO,7.75,5.10555253295
2013-02-05,SFO,SEA,8.75,6.95221787154
2013-02-07,DFW,ATL,11.7647058824,13.0744474633
2013-02-10,SFO,ORD,8.55,5.83523778436
2013-02-13,ATL,MCO,10.6363636364,8.08611658247
2013-02-25,JFK,MIA,10.2222222222,7.52685822713
2013-02-06,LGA,BOS,4.58333333333,3.47610893577
2012-11-28,LAS,LAX,15.4482758621,10.3530057985
2012-12-27,SFO,BOS,14.5333333333,10.4806334809
2013-01-26,LAX,ORD,17.6333333333,13.6115654002
2012-12-12,SFO,EWR,8.35294117647,5.53332152137
2013-02-09,LAX,DEN,11.8695652174,8.60921466076
2013-02-22,ATL,MIA,12.92,10.0702532242
2013-01-04,ORD,PHX,14.28,9.26246907327
2013-01-02,PHL,ORD,8.95,6.50080966617
2012-11-28,PHX,DEN,8.47058823529,6.02201842262
2013-02-24,LGA,DFW,8.29411764706,5.54261564925
2012-12-12,CLT,ATL,6.33333333333,4.90869005899
2012-12-01,ATL,CLT,7.83333333333,5.8233808656
2013-01-24,SEA,SFO,10.1666666667,7.57899574288
2013-01-11,JFK,MIA,12.3333333333,13.1199593495
2013-01-04,LAX,EWR,14.0,11.105554166
2012-12-01,LAS,SFO,11.380952381,10.4569411898
2013-02-13,DEN,DFW,9.58823529412,6.91066950021
2012-12-03,ATL,MSP,10.6842105263,7.88847705045
2012-12-18,EWR,ORD,10.95,8.26199287798
2012-12-03,ATL,PHL,9.17647058824,6.82124708281
2012-12-11,SEA,LAX,10.5238095238,8.87479040665
2013-02-20,PHL,ORD,7.46666666667,4.92612085384
2012-12-31,ATL,MSP,12.0,9.22810352872
2013-01-19,BOS,LAX,10.3684210526,7.84722545671
2013-02-15,ATL,CLT,5.92857142857,4.66516197615
2012-12-31,JFK,MIA,13.3181818182,11.5568423914
2013-01-10,LAX,EWR,10.4,7.64612044731
2012-12-16,DEN,MSP,9.45,7.33753866662
2013-01-01,BOS,ORD,9.7,6.25846794772
2013-02-08,SFO,DEN,9.0,5.62731433871
2013-03-02,ORD,PHX,6.41666666667,5.5178772818
2012-12-21,JFK,SFO,18.1666666667,12.8519036945
2013-01-09,MCO,EWR,14.7777777778,10.7822265908
2013-02-18,MCO,PHL,15.1034482759,10.1324966166
2012-12-24,EWR,ORD,8.92857142857,7.93690780433
2013-01-24,LAX,LAS,11.5,9.48683298051
2012-12-01,LAX,DFW,12.0,10.1295950389
2013-01-31,PHL,ORD,9.44444444444,6.8875183119
2013-03-05,SEA,SFO,7.30769230769,6.35589772553
2013-03-02,PHL,ATL,5.63636363636,4.41073071662
2013-01-28,LAX,SFO,11.6666666667,8.99597333432
2013-01-29,ATL,BOS,7.94444444444,6.03394537032
2012-12-12,DEN,DFW,10.2222222222,9.2007388166
2013-02-10,ATL,EWR,7.9375,5.48292804987
2013-02-12,CLT,LGA,7.0,5.06622805119
2012-12-26,DFW,LGA,13.0,11.0625924801
2013-01-22,SEA,ORD,8.64705882353,6.21430986183
2013-01-03,LAS,ORD,14.2083333333,9.81117006126
2012-11-30,PHL,ATL,9.35294117647,7.49117127416
2013-02-09,ORD,PHX,11.6666666667,9.46748822726
2012-12-11,SEA,ORD,12.1052631579,10.9132678518
2012-12-08,DTW,ATL,10.7777777778,8.89517751405
2012-12-03,ATL,LAX,10.5789473684,10.7616386065
2013-02-23,JFK,LAX,17.0606060606,11.3190641009
2012-11-16,JFK,SFO,13.3333333333,8.498868703
2013-02-23,SEA,LAX,11.4545454545,9.40985943282
2013-01-21,LAX,LAS,12.68,10.1559506366
2013-02-11,PHL,BOS,5.36363636364,3.90570678041
2012-11-18,LAX,DFW,16.28125,11.5597588294
2013-01-29,LGA,ATL,4.58333333333,3.47610893577
2013-01-29,DFW,LGA,6.6875,4.86783661736
2013-02-05,DEN,ATL,7.46666666667,5.50151494287
2012-12-10,PHL,BOS,9.07142857143,10.6660084504
2013-01-07,SFO,BOS,11.7272727273,8.80574389482
2013-03-01,DFW,BOS,12.5238095238,10.7871175372
2012-12-04,LAX,DFW,15.2,12.8711563842
2013-01-21,ATL,MSP,10.0526315789,8.74626068805
2012-12-25,CLT,ATL,9.63157894737,8.13231227413
2013-03-05,SFO,LAS,10.1111111111,10.4930727227
2013-01-05,BOS,PHL,8.58823529412,5.92725509331
2012-12-05,SEA,ORD,9.25,8.33866496109
2012-12-21,EWR,BOS,15.52,12.8423777653
2012-12-02,DEN,SEA,12.0526315789,11.3845591542
2013-02-21,SFO,DFW,7.52941176471,5.50133673595
2013-02-12,DTW,LGA,5.36363636364,3.8541595004
2013-01-18,ATL,ORD,8.33333333333,6.48074069841
2013-03-05,ATL,MIA,5.4,4.76561760018
2012-12-25,JFK,MIA,17.8275862069,13.8797616425
2012-11-27,ATL,PHL,12.0,10.4981201325
2013-01-29,ORD,BOS,8.94117647059,6.78666512578
2013-03-04,BOS,LAX,5.83333333333,4.15239981727
2012-12-27,DFW,LAX,15.5714285714,12.7116993981
2013-01-19,DFW,LAS,11.0952380952,7.78398845005
2012-12-14,DEN,SEA,10.7619047619,7.66097096917
2013-01-05,ORD,ATL,12.2105263158,9.1443907966
2012-12-20,ORD,DEN,7.5,4.7609522857
2013-02-23,PHL,DFW,8.86666666667,7.87279825608
2013-01-21,PHL,DFW,8.6875,7.42714615448
2012-12-24,MCO,ATL,12.9090909091,11.0104240259
2012-12-01,PHL,MCO,20.5952380952,13.7717624212
2013-01-01,ATL,DTW,11.15,8.46214480713
2013-02-24,LAX,EWR,9.42105263158,6.38849477554
2013-01-11,SFO,SEA,9.45,7.21456859417
2013-01-06,BOS,PHL,8.0,5.85540043769
2013-02-07,BOS,SFO,10.05,9.02904669445
2012-11-20,ORD,ATL,9.35294117647,7.67252546811
2012-11-28,JFK,LAX,16.5,11.1239352517
2012-11-22,SFO,ORD,10.5714285714,7.12440473704
2013-03-01,BOS,LAX,10.4210526316,9.40044791766
2013-01-24,MIA,JFK,11.5555555556,11.9026552758
2013-01-24,ORD,SEA,14.0434782609,12.5099170147
2012-12-15,LGA,ATL,12.84,10.5383426907
2012-12-29,DFW,ORD,13.6086956522,11.1262961673
2012-11-23,ORD,ATL,7.70588235294,5.90301518169
2013-02-17,PHL,MCO,14.16,10.8
2012-11-24,CLT,LGA,10.0952380952,6.37890869902
2013-02-12,LGA,DFW,9.94117647059,9.18198363805
2013-01-06,DFW,PHL,8.92307692308,10.1115572363
2013-01-05,ORD,LGA,9.29411764706,7.88800280396
2012-11-15,MCO,ATL,13.5384615385,11.1650553755
2013-01-10,LAX,DEN,13.1153846154,8.67330120808
2013-01-09,PHX,ORD,9.83333333333,8.5834999032
2012-11-30,LAX,EWR,9.47058823529,7.85905247993
2013-02-12,DEN,LAX,16.4074074074,12.6194576845
2012-11-28,DEN,ORD,9.5625,10.9237890252
2012-12-20,DEN,LAS,10.2,9.11101126746
2013-01-20,SFO,ATL,8.44444444444,6.45547849616
2012-12-18,LAS,JFK,14.2307692308,10.320107334
2013-01-07,BOS,SFO,12.4230769231,9.18334613057
2012-12-03,DFW,LAX,12.3181818182,9.18791319712
2013-01-29,SFO,SEA,7.9375,7.22466838916
2013-01-30,MSP,ORD,9.11111111111,6.40669584372
2013-02-13,JFK,MIA,16.2962962963,12.931222843
2012-12-18,ORD,DTW,8.26666666667,6.26175085815
2013-02-04,ATL,CLT,6.28571428571,4.88999876402
2013-01-28,SFO,LAX,18.71875,13.707154654
2013-01-20,ATL,CLT,8.35294117647,7.07938182745
2013-01-12,DFW,LAS,9.27777777778,7.19317941284
2013-01-20,SFO,ORD,14.1666666667,11.4727149536
2013-02-13,ORD,PHX,9.78947368421,6.74601896898
2013-01-17,DTW,LGA,9.05555555556,6.19745889313
2012-11-30,LAX,JFK,17.3888888889,11.8858325696
2013-02-26,ATL,DTW,12.5,9.97387892796
2013-03-04,MCO,PHL,11.4545454545,7.97452654351
2012-12-01,LAS,ORD,11.3,8.90948636951
2012-11-15,DEN,ATL,12.0,7.95640294518
2013-01-19,BOS,SFO,10.1578947368,7.29735993276
2013-02-25,SFO,BOS,10.6666666667,7.51221227957
2013-01-26,ORD,ATL,10.7333333333,11.0806566764
2012-12-10,ATL,LGA,10.6956521739,7.96261025389
2013-02-17,CLT,ATL,7.21428571429,5.33750981161
2012-11-23,ATL,MIA,15.0,12.2128557739
2013-01-21,DFW,PHL,6.69230769231,4.93937606358
2013-01-21,EWR,ATL,8.36842105263,5.93680166715
2012-12-13,SFO,BOS,12.0,10.5735519103
2012-12-04,MCO,PHL,17.2666666667,13.5033414341
2013-01-15,LAS,DEN,7.58823529412,5.71247345212
2012-11-30,ORD,LAS,10.9047619048,7.86069183918
2013-02-14,LAX,JFK,16.3333333333,13.378658593
2013-01-26,LGA,DFW,9.0,6.65206734783
2013-02-07,IAH,ORD,7.64705882353,5.92601443289
2013-02-05,EWR,MCO,10.8571428571,7.66345688502
2013-01-05,SEA,DEN,11.5263157895,10.6893946459
2013-03-02,MIA,JFK,17.4193548387,12.8498357799
2013-01-21,LAX,ORD,17.0333333333,12.5546620914
2012-12-28,LAX,LAS,19.4166666667,14.1105330465
2012-11-18,LAS,SFO,11.3913043478,7.59628575767
2013-01-26,EWR,ORD,7.5,5.59876359977
2013-02-21,IAH,ORD,10.6111111111,8.16116261101
2012-11-22,ATL,DTW,9.61111111111,6.98855273151
2013-02-28,LAX,ORD,13.4074074074,8.56315568746
2013-01-21,LAX,EWR,11.7391304348,8.10845457366
2013-01-02,BOS,LAX,16.3793103448,12.5026105648
2013-02-18,DFW,BOS,9.71428571429,11.0692128233
2013-03-04,JFK,MCO,11.4444444444,10.2568325705
2013-01-13,DEN,SFO,13.84,10.0568384694
2012-11-26,LAS,SFO,11.0869565217,8.74857413566
2013-01-15,ATL,DTW,11.0,9.8367629209
2013-01-10,LAS,ORD,11.6086956522,7.69733797216
2012-12-05,MIA,JFK,10.9473684211,9.38955497828
2013-01-05,MCO,PHL,18.5135135135,13.2405555893
2012-11-18,PHL,BOS,9.25,7.92885027395
2012-12-21,DEN,SFO,11.16,7.52041665512
2012-12-11,DEN,SFO,11.9090909091,8.35469124509
2013-01-22,EWR,LAX,11.8571428571,9.32354929351
2013-02-22,JFK,SFO,11.1428571429,8.00803168254
2013-01-27,LAS,ORD,11.4347826087,7.70965207891
2013-02-19,EWR,SFO,10.9375,12.6146409646
2013-02-08,LAX,EWR,11.0,8.53749898324
2013-02-24,DFW,PHL,9.57894736842,6.38849477554
2012-12-13,ATL,MCO,14.1785714286,9.32163382368
2012-11-16,BOS,ORD,8.61111111111,5.54276304944
2012-12-12,JFK,MCO,13.3333333333,10.1753850806
2013-02-20,LGA,ORD,7.8125,5.15388203202
2012-12-02,ATL,PHL,6.75,4.98664884132
2013-01-19,LAS,DEN,10.6666666667,7.17170365627
2013-01-24,EWR,ORD,7.33333333333,5.05210941329
2013-01-01,EWR,ORD,9.05263157895,5.72007851743
2012-12-04,LAS,SFO,12.3333333333,9.81864538017
2012-12-28,EWR,ATL,11.3,10.2088712712
2012-11-26,BOS,ATL,10.8181818182,6.9873107003
2012-12-15,SFO,BOS,12.1363636364,9.25457649745
2012-12-14,ATL,CLT,9.57894736842,7.855046428
2013-02-13,DFW,SFO,12.0555555556,11.9532039624
2012-11-26,ATL,PHL,9.0,7.5938571666
2012-12-10,ORD,DTW,10.1176470588,8.85919263351
2012-12-08,ATL,DTW,9.27777777778,6.8754084846
2013-01-13,DFW,LAX,14.9166666667,13.061448973
2012-12-08,LAX,DEN,13.4090909091,11.4752698522
2013-03-01,LAS,ORD,12.0416666667,8.07292397148
2013-02-10,ORD,LAX,10.7368421053,9.09726518895
2013-02-02,MIA,JFK,12.2083333333,8.21969621076
2013-02-19,EWR,MCO,10.7142857143,7.5308887732
2012-12-27,IAH,LAX,16.5517241379,12.2111957028
2013-01-11,LAX,SEA,10.2,6.96306042817
2012-11-17,LAS,DEN,11.6956521739,7.93974342732
2013-01-18,MIA,LGA,13.2727272727,11.6094453261
2013-01-28,DFW,LAS,9.10526315789,5.80129043922
2013-02-04,DEN,LAX,10.8695652174,7.74775244727
2013-02-12,ATL,SFO,8.83333333333,5.86364672718
2013-01-09,PHL,BOS,6.0,5.15751878329
2012-12-04,IAH,LAX,10.3913043478,7.28472330812
2013-01-15,SEA,DEN,9.35294117647,7.05284673439
2013-01-21,EWR,ORD,7.875,5.26466206576
2012-12-13,MSP,ORD,7.73333333333,5.87326468799
2013-03-05,LAX,JFK,14.75,12.1521983989
2013-02-04,PHL,ORD,11.6111111111,11.1573710212
2013-01-05,ATL,MIA,15.9677419355,12.4190280644
2013-03-01,ATL,LGA,10.4210526316,10.0017542321
2012-12-26,EWR,LAX,10.1904761905,8.59429489615
2013-02-26,DEN,LAX,6.5625,4.66145542365
2012-12-12,ATL,DTW,10.2272727273,7.4253864301
2013-02-03,BOS,LGA,4.5,4.44007721941
2013-01-15,LAX,IAH,13.375,9.92060876463
2013-01-02,JFK,LAX,23.1632653061,14.4818089034
2013-02-10,ORD,MSP,10.8,10.9091945769
2012-12-02,JFK,SFO,9.90909090909,7.1107503516
2012-12-01,DTW,ORD,9.35294117647,8.60916064775
2013-01-11,LAX,DFW,14.1428571429,9.4583464443
2013-01-06,DFW,BOS,8.23529411765,5.37970040714
2013-01-28,LGA,DTW,6.73333333333,5.52224936916
2013-02-15,SFO,DEN,9.55,7.60522673457
2013-02-19,SFO,JFK,12.2,10.2011351278
2013-01-20,DFW,LGA,8.125,5.77205913576
2013-02-28,LGA,CLT,8.125,5.97634224812
2013-01-29,ORD,LAS,8.5,5.33853912602
2013-01-10,PHL,ATL,8.1875,5.71802704902
2012-11-24,SFO,EWR,13.0952380952,10.4733221181
2013-01-18,ORD,IAH,10.2,6.81793300981
2012-12-21,JFK,LAS,13.7307692308,10.9272418928
2012-12-19,BOS,EWR,16.8148148148,12.8243669421
2013-02-23,EWR,ATL,7.07142857143,4.85900093742
2013-02-08,PHX,ORD,11.25,9.44164905311
2013-02-27,LAX,ATL,10.8947368421,8.97462309232
2012-11-22,BOS,ORD,8.72222222222,5.77831194112
2012-12-18,LAX,BOS,13.2608695652,10.4846961689
2012-11-26,ATL,MCO,7.72222222222,5.50727385913
2012-12-07,CLT,LGA,12.0434782609,9.00746286985
2012-11-23,DFW,ORD,10.3684210526,7.74030236501
2013-02-16,DEN,ORD,8.52941176471,6.26615559034
2013-02-19,DEN,MSP,11.619047619,9.3673699109
2012-12-06,LAX,DEN,12.3636363636,10.0595628729
2013-02-01,BOS,LAX,11.9047619048,9.6897098094
2013-02-19,ORD,SEA,8.35294117647,5.66724333859
2012-12-15,BOS,EWR,14.0869565217,9.88071143684
2013-01-21,ATL,MCO,12.5769230769,9.01631000764
2013-02-20,DFW,LAS,12.2857142857,9.193165163
2013-01-12,LGA,MIA,15.0,11.6726175299
2013-02-12,ORD,SEA,8.82352941176,6.18703578175
2013-03-05,MIA,JFK,11.4117647059,9.67638119036
2013-01-31,IAH,LAX,12.8636363636,10.4894298476
2012-11-29,DEN,LAS,12.0454545455,9.0473741138
2013-01-12,SFO,LAS,14.8260869565,13.1897073298
2013-02-04,BOS,LAX,10.25,10.0166528009
2012-12-18,ORD,SFO,10.3913043478,7.29719205295
2013-01-08,LGA,ATL,11.7916666667,10.3208491674
2013-02-06,LAX,EWR,7.53333333333,5.28970248511
2012-12-15,LAS,SFO,14.48,12.731588013
2012-12-29,ATL,DTW,12.1304347826,9.92382050617
2012-12-04,DEN,LAX,11.8636363636,8.98302873171
2013-01-04,SFO,JFK,14.3870967742,9.680486969
2012-12-30,SFO,ORD,15.8888888889,12.1697396892
2012-12-04,BOS,LAX,10.3333333333,8.72454279941
2012-12-29,LGA,DFW,7.625,4.99165971062
2012-12-15,PHX,ORD,11.2380952381,8.01189591735
2013-01-30,ORD,LAS,11.0526315789,9.07667146658
2012-12-26,ATL,DEN,12.84,8.97533657679
2013-01-18,MCO,EWR,12.7916666667,9.21708794278
2013-01-05,LAX,ATL,14.1071428571,8.91249346045
2013-02-17,CLT,LGA,8.6875,7.00208302341
2013-02-22,ATL,LGA,9.65,7.99522884041
2012-12-12,BOS,SFO,8.0,5.04975246918
2013-02-13,DTW,ORD,7.07692307692,5.76572543082
2013-02-09,CLT,LGA,7.63636363636,7.96583614284
2013-01-06,EWR,ORD,7.5625,4.87125924856
2012-12-20,BOS,ORD,15.0740740741,11.3304420646
2013-02-20,PHX,DEN,10.9090909091,8.37177281623
2012-12-01,ATL,MCO,13.1363636364,12.0881502565
2013-02-11,PHL,ATL,7.875,7.16356522038
2012-11-25,JFK,SFO,17.0909090909,11.1112657818
2012-11-27,LAX,ORD,14.0416666667,11.6823135241
2013-01-08,LAX,ATL,12.84,8.73536871956
2013-01-11,EWR,ORD,6.71428571429,4.49664099298
2012-12-18,BOS,LGA,5.91666666667,4.27377485546
2013-01-26,ORD,DTW,7.86666666667,6.13964478575
2013-03-04,DFW,LAX,11.2,8.51376594266
2013-01-19,DEN,DFW,10.8947368421,9.90451488992
2013-02-01,ATL,EWR,7.8125,5.30683521508
2013-01-14,ORD,BOS,10.9,9.15308403591
2013-01-13,DTW,ATL,10.5238095238,6.96863722416
2012-11-16,MCO,EWR,15.4666666667,10.2779755599
2013-02-27,ORD,DEN,6.73333333333,5.53516894395
2012-11-25,DFW,ATL,8.9,6.30705536431
2013-01-22,LAX,DFW,13.4583333333,11.9162992748
2012-12-16,SFO,DEN,11.0,8.18535277187
2012-12-24,ORD,IAH,11.1578947368,7.69027638497
2013-02-08,DEN,ATL,9.94444444444,7.98875844158
2013-02-19,MIA,ATL,12.0476190476,8.49397545603
2012-11-30,SFO,LAS,14.0689655172,10.3679831159
2012-12-22,DTW,ORD,11.9090909091,8.97036969514
2012-11-29,DEN,ORD,6.07692307692,4.03033370127
2012-12-25,EWR,LAX,9.94444444444,9.59455864308
2013-01-22,BOS,SFO,8.64705882353,6.21430986183
2013-01-29,LAS,LAX,14.1428571429,9.3401335771
2012-12-08,EWR,ATL,9.58823529412,8.38196593534
2013-02-16,CLT,ATL,7.0,6.83880331412
2013-01-18,BOS,EWR,7.07142857143,4.95307652202
2013-02-21,BOS,ORD,10.8421052632,9.83340767144
2012-12-04,ORD,BOS,8.76470588235,6.28022105269
2012-12-01,MIA,ATL,16.6,12.1360108199
2012-11-29,MIA,JFK,14.25,14.4071436959
2013-02-24,DFW,LAS,6.875,5.21376383559
2012-11-28,ORD,ATL,8.05882352941,7.10167751517
2013-01-10,MCO,ATL,13.5833333333,10.9739480695
2013-01-01,PHL,DFW,11.4117647059,9.7407573084
2012-12-10,EWR,SFO,8.29411764706,5.65425399459
2013-01-30,ORD,PHL,7.21428571429,5.88581830699
2013-01-28,EWR,ATL,7.8125,5.34438958161
2012-12-14,ORD,DTW,11.8421052632,11.2015036585
2013-01-26,DTW,ORD,6.5,5.17862740677
2012-12-16,SFO,LAX,16.3548387097,12.4218849538
2013-03-02,JFK,LAS,7.86666666667,6.06943945007
2012-12-13,BOS,EWR,9.36842105263,8.17319824736
2012-12-06,DEN,MSP,6.06666666667,4.36653943835
2013-01-12,CLT,ATL,11.2105263158,9.20494400592
2013-01-30,SEA,LAX,10.7619047619,7.62826823011
2013-03-05,PHL,ATL,4.66666666667,5.9160797831
2012-12-27,MIA,LGA,15.6875,9.71343432837
2012-11-15,ORD,ATL,13.5217391304,13.121355131
2013-03-05,DFW,SFO,7.61538461538,6.48766087197
2013-03-04,SFO,BOS,7.6875,5.12144185427
2012-11-27,ATL,DTW,11.4090909091,8.01581229529
2012-12-04,LGA,DTW,10.7647058824,9.88388468521
2012-12-22,DTW,LGA,12.3333333333,8.46818427572
2013-01-13,BOS,PHL,7.06666666667,4.58984386082
2012-12-19,ATL,EWR,8.10526315789,5.63614068946
2013-02-23,LGA,BOS,2.66666666667,2.16024689947
2012-12-27,DEN,DFW,10.652173913,7.72015482447
2013-01-31,JFK,SFO,14.6666666667,11.1940918483
2012-11-20,LAX,ATL,14.6,11.8602979164
2012-12-04,DEN,ATL,5.66666666667,3.91578004149
2013-03-02,SFO,JFK,14.7083333333,13.0633212591
2012-12-23,MIA,JFK,15.8666666667,11.7582937225
2012-12-13,MSP,ATL,9.55,7.6259598188
2013-01-31,DTW,ORD,7.0,5.39135109844
2013-02-16,LAS,DEN,9.21052631579,5.9682395261
2013-01-28,EWR,BOS,9.0,9.59817691023
2013-01-03,ORD,PHL,11.3157894737,10.1655880935
2013-01-11,ATL,EWR,7.625,4.99165971062
2013-01-03,LAX,EWR,14.5185185185,12.6411123244
2013-01-24,ATL,EWR,7.64705882353,6.25441020871
2013-03-01,ORD,EWR,7.0,4.472135955
2013-03-05,JFK,LAX,12.4285714286,10.8100482357
2013-02-10,LAX,DFW,11.9545454545,8.81274657326
2012-12-10,DEN,PHX,7.73333333333,5.77515202851
2012-11-30,ORD,SEA,11.6,10.6790498296
2013-03-05,ATL,LGA,7.25,8.97597804243
2013-01-08,SFO,DFW,11.6315789474,11.2309617987
2012-12-29,ATL,BOS,11.9615384615,8.31615665668
2013-01-01,EWR,SFO,15.84,11.9292357956
2013-03-02,DEN,SEA,7.625,4.99165971062
2012-12-23,SFO,SEA,13.1538461538,10.555348626
2012-12-08,SEA,DEN,9.41176470588,7.43352896955
2013-02-23,DFW,PHL,6.72727272727,6.57405368233
2013-01-10,SEA,DEN,12.0454545455,9.39846630207
2013-01-27,DFW,PHL,7.0,5.73211504221
2013-02-07,CLT,ATL,7.4375,6.14240723712
2012-12-26,ORD,SEA,11.5217391304,10.4658299641
2013-02-02,ORD,PHL,8.88235294118,7.20140917582
2012-11-15,DFW,PHL,9.0,9.29669680201
2012-11-24,PHX,ORD,14.5,9.82626864866
2012-12-11,MCO,ATL,7.1875,5.68294231304
2013-01-30,LGA,BOS,5.07692307692,3.77406806292
2012-12-17,DFW,ORD,13.0454545455,10.9869068082
2013-02-28,MCO,ATL,9.38095238095,6.66690475765
2012-12-18,BOS,SFO,13.2222222222,10.214368964
2013-01-24,DFW,LAX,12.48,9.75585294409
2013-01-14,ATL,MCO,11.2083333333,8.04324813615
2012-12-14,LGA,DFW,11.0909090909,7.34788010186
2013-03-04,IAH,LAX,8.0,5.8611382151
2013-02-11,BOS,ATL,9.17647058824,9.40900694891
2012-12-16,SFO,DFW,8.55555555556,5.43650214343
2012-12-16,DEN,LAX,15.7407407407,12.2178702431
2012-11-27,LAX,EWR,12.8695652174,10.033146646
2013-02-06,LAX,ATL,8.84210526316,6.94632723015
2012-11-16,LAX,JFK,16.8529411765,11.9294195874
2013-02-07,DEN,MSP,6.57142857143,4.30945803686
2013-02-02,DFW,ORD,7.53333333333,5.26262653959
2012-12-02,LAX,SFO,20.3055555556,14.4910207556
2012-12-27,EWR,SFO,13.0454545455,10.8648725048
2013-02-05,DTW,ORD,10.0,9.94269293789
2012-12-08,ATL,ORD,9.94736842105,9.31231970272
2013-01-31,LAX,DEN,14.6538461538,11.8454795013
2012-11-26,PHL,BOS,6.64285714286,4.41339121062
2013-01-04,ATL,CLT,9.3125,10.7561997626
2012-12-03,DFW,PHL,11.8461538462,8.12744637727
2012-11-22,LAS,ORD,9.94444444444,7.84010970978
2013-01-28,JFK,MIA,10.75,8.31533143309
2012-11-20,ATL,MCO,12.0833333333,10.231735229
2013-01-26,SEA,ORD,11.8421052632,10.8128686598
2013-02-09,DEN,LAX,10.0952380952,7.28632116987
2013-02-04,LGA,MIA,12.2916666667,9.5575108942
2012-11-24,MIA,ATL,13.2608695652,9.70106550523
2013-03-03,DEN,MSP,9.22222222222,6.93291853963
2012-11-16,LAS,JFK,12.8,8.47545475673
2012-12-25,ATL,CLT,7.64705882353,5.89428935995
2012-12-06,LGA,BOS,5.58333333333,3.75277674973
2012-12-05,LAX,LAS,13.8076923077,11.3031649754
2013-01-24,LAS,DEN,11.1428571429,7.68300536435
2013-01-10,ORD,DFW,12.1052631579,12.0226394627
2013-01-03,MCO,PHL,16.8387096774,11.6278309075
2012-11-18,LGA,BOS,4.09090909091,3.17661912903
2013-03-03,JFK,LAS,7.5,5.80119351115
2012-12-16,LAX,SFO,14.8,10.4762457082
2012-12-25,SEA,LAX,15.8387096774,11.8746137458
2013-02-22,ORD,DTW,10.125,8.80814017448
2013-01-14,MSP,DEN,10.0555555556,9.68001107329
2013-01-22,MSP,DEN,7.6,5.48764846854
2013-02-28,LAX,LAS,13.6923076923,11.0336548098
2012-12-31,BOS,LGA,4.8,6.45755371639
2012-11-28,DFW,SFO,8.33333333333,6.70381805172
2013-02-21,DFW,PHL,6.78571428571,4.62731973307
2013-01-31,DFW,LAX,14.375,13.4093170075
2013-02-06,ATL,LGA,7.76470588235,6.14948587043
2013-03-05,LAS,DFW,8.06666666667,6.40832791504
2013-01-03,EWR,ATL,15.1153846154,11.9944217804
2013-01-28,ORD,SFO,11.8,10.8317272764
2013-01-28,LAX,EWR,12.2631578947,10.9333440308
2013-01-02,LAS,ORD,19.5806451613,13.8076650055
2013-01-27,DEN,SEA,8.0,5.64505683467
2012-11-18,LGA,CLT,10.4,8.2039784957
2013-02-16,DFW,DEN,9.38888888889,6.4820012241
2012-12-18,ORD,DFW,10.35,7.6314791282
2013-02-28,LGA,ORD,9.05555555556,6.27293178686
2013-02-23,IAH,LAX,16.7692307692,13.5714632735
2013-01-17,MIA,LGA,13.2083333333,10.1295056176
2012-11-28,DTW,ATL,7.73333333333,6.12333553672
2012-11-27,ATL,SFO,15.0,12.6458161724
2013-01-01,SFO,LAX,16.1935483871,11.0767605217
2013-02-23,DEN,ATL,8.94444444444,6.1402454657
2013-01-19,SEA,SFO,12.7727272727,11.3176298132
2012-12-06,LAS,LAX,14.625,12.0499413673
2012-12-07,SFO,DEN,9.71428571429,7.79835147414
2012-12-26,ATL,ORD,9.75,6.29849606109
2012-11-30,MSP,ORD,7.06666666667,4.58984386082
2012-11-27,ORD,DFW,8.8,6.346155073
2013-01-31,LAX,ORD,14.6,11.4963762407
2013-01-28,ATL,DFW,7.25,6.12644540768
2013-02-05,ORD,IAH,7.9375,5.35995957696
2013-01-01,BOS,ATL,11.2857142857,8.03830117091
2013-02-06,DFW,PHL,6.84615384615,5.42902928472
2013-01-18,BOS,SFO,10.3333333333,6.71068799255
2012-12-24,DFW,ORD,9.0,6.33384930819
2012-12-29,JFK,MIA,16.2666666667,12.719611069
2013-02-07,SFO,JFK,12.0416666667,8.08906490359
2013-02-20,JFK,SFO,11.1,9.17031825195
2013-02-21,DEN,PHX,9.52631578947,6.85053461866
2012-11-19,DFW,ORD,11.8333333333,9.12553353612
2012-12-12,ATL,SFO,9.86363636364,7.05283093817
2013-01-19,LAS,ORD,11.2173913043,7.18556964111
2013-02-18,JFK,MCO,13.8846153846,10.8344890902
2013-02-12,EWR,LAX,13.9444444444,14.4892342274
2012-11-20,ATL,BOS,12.0454545455,9.1728235915
2012-11-18,ATL,DFW,9.15,6.83085106819
2012-12-07,JFK,SFO,13.04,9.40070919311
2012-12-22,DFW,PHL,8.05882352941,5.15352534964
2013-02-09,ATL,SFO,11.1052631579,8.78695204925
2013-02-01,LAX,ORD,15.0833333333,12.8770664586
2012-11-20,SFO,JFK,16.3636363636,11.5807442059
2012-12-04,SFO,JFK,12.5652173913,9.65696209975
2012-11-20,DFW,PHL,11.1,9.3070431734
2013-01-16,PHX,DEN,7.5625,4.87125924856
2013-01-02,LGA,ORD,13.3333333333,10.5528346353
2012-12-25,LAX,SEA,13.8,9.20419694375
2013-01-26,MIA,ATL,13.75,10.6045519349
2013-01-27,CLT,LGA,6.26666666667,4.66700679033
2012-11-21,JFK,LAS,12.6086956522,10.4435240066
2012-11-20,DEN,ATL,10.9545454545,7.27341717507
2012-12-08,ORD,BOS,7.875,5.43905629069
2012-11-27,LAX,BOS,12.5416666667,9.75339034328
2013-01-20,ORD,ATL,11.1428571429,10.0761387162
2013-01-09,DEN,SEA,9.57894736842,6.54315409394
2013-01-22,DTW,LGA,8.64705882353,6.13332267689
2013-02-17,MCO,EWR,11.625,9.02080927633
2013-01-29,LAX,EWR,10.8888888889,8.9698113882
2012-11-18,JFK,MCO,11.3043478261,8.89041763314
2012-12-30,LAX,LAS,19.1111111111,13.81878179
2013-01-23,DTW,ORD,7.6875,6.11793810582
2013-02-16,SFO,LAS,13.4814814815,10.5734441313
2013-03-02,EWR,SFO,9.92307692308,9.32256705046
2012-12-17,DFW,SFO,9.66666666667,7.20647856677
2013-03-04,IAH,ORD,10.1578947368,8.13267181664
2012-12-23,EWR,ORD,10.7894736842,9.93634712317
2012-12-02,ATL,BOS,8.68421052632,6.70035348635
2013-03-03,SEA,SFO,5.72727272727,4.56269457867
2013-02-18,DFW,LAX,13.3181818182,10.4215270046
2012-12-05,LGA,ATL,13.0,11.2094680477
2012-11-27,ORD,DTW,8.0,5.65685424949
2012-12-14,SFO,DEN,10.15,7.16919580016
2013-01-06,JFK,MIA,16.5333333333,11.3888430987
2013-02-06,IAH,ORD,10.0555555556,8.22815984161
2013-02-24,LGA,CLT,8.70588235294,6.01835427964
2012-12-04,LAX,BOS,13.8095238095,12.0025790879
2013-02-09,LGA,BOS,3.8,2.7748873851
2013-02-08,DEN,LAS,10.0952380952,6.36321272554
2012-11-15,DEN,MSP,7.13333333333,4.71875689845
2012-11-19,DEN,LAS,12.9166666667,9.27322778881
2013-01-12,DEN,ATL,9.72222222222,7.45027086405
2012-11-15,IAH,ORD,7.17647058824,5.1506710014
2012-12-17,PHX,ORD,9.61111111111,7.67837979914
2013-02-02,MSP,ATL,9.47368421053,6.50101206696
2013-02-05,ORD,DTW,5.0,5.45108115095
2013-01-11,SFO,DFW,9.42105263158,6.49201038434
2012-12-24,LAX,ORD,13.125,9.77268820656
2012-12-30,LAX,IAH,16.1785714286,12.4782880219
2012-12-11,LGA,ORD,8.05882352941,5.15352534964
2012-11-16,ORD,PHL,12.1666666667,8.21275077927
2013-02-21,LAS,JFK,14.037037037,9.73290011915
2012-11-28,BOS,LGA,7.28571428571,9.02499581443
2012-12-08,DFW,LAS,14.4166666667,11.6541340553
2013-01-23,LAX,DEN,15.1481481481,12.1043657213
2012-12-26,JFK,LAX,19.2195121951,12.2749993791
2012-12-12,SFO,JFK,15.2962962963,11.9125493455
2013-01-13,JFK,SFO,14.9310344828,11.8379867813
2013-02-05,PHL,DFW,5.0,3.31662479036
2013-01-20,ORD,PHL,8.1875,5.93541630104
2012-11-22,DTW,LGA,9.33333333333,6.56192224347
2012-11-23,JFK,LAS,13.24,10.8292812935
2012-12-20,LAX,ATL,11.8461538462,8.09786296595
2013-01-06,MCO,PHL,12.88,8.87092629511
2012-12-01,ORD,LAX,15.5416666667,13.0316643359
2012-12-28,BOS,ATL,8.55555555556,5.43650214343
2012-12-25,LAX,ORD,9.63636363636,6.57227549596
2013-02-25,PHL,ATL,6.57142857143,5.90585479665
2013-02-01,ORD,PHX,13.56,10.0833195592
2013-01-06,BOS,LAX,11.7727272727,8.85293504294
2012-12-30,ORD,LAX,17.4838709677,12.8189208275
2013-01-22,DEN,SFO,12.3043478261,8.72527562789
2012-12-18,DFW,LAS,8.77777777778,5.90668171556
2013-01-05,JFK,MCO,17.5833333333,12.2343194101
2013-01-20,MIA,JFK,16.65625,12.4242462613
2012-12-07,LGA,DTW,7.0,5.11207720338
2012-12-10,DEN,DFW,8.76470588235,6.95996957397
2012-12-10,ATL,CLT,10.8,10.9573335212
2012-12-11,LAS,JFK,15.0,11.28677564
2012-11-20,EWR,LAX,11.4090909091,7.90213407528
2012-11-28,LGA,BOS,5.92857142857,4.69802390069
2013-01-21,DEN,DFW,12.375,8.66182278236
2013-01-12,EWR,SFO,11.7619047619,7.43575659839
2013-02-01,DEN,MSP,9.16666666667,6.49207661874
2013-01-27,ORD,DEN,10.6315789474,8.96419127117
2012-11-21,JFK,MCO,16.5517241379,12.025527036
2013-01-05,IAH,LAX,15.8333333333,11.9195097485
2013-01-23,ORD,PHX,9.82352941176,8.79087093323
2013-01-07,ATL,MSP,7.05882352941,4.9556859797
2012-12-11,ATL,SFO,11.1818181818,7.54438525778
2012-11-24,LAX,LAS,13.5,11.8284844117
2013-02-17,SFO,EWR,12.4090909091,8.1513019171
2013-01-18,LAX,DEN,12.4347826087,10.0897161279
2012-11-24,DFW,ATL,8.625,6.83983430599
2012-11-23,DFW,BOS,9.15384615385,8.27492350263
2013-01-03,PHX,DEN,15.7407407407,12.4455509276
2012-11-18,LAX,SFO,13.6428571429,10.1405467225
2013-01-08,SFO,ORD,10.1818181818,7.53807076264
2012-12-07,ATL,MSP,11.0476190476,8.25515711829
2012-12-29,DEN,ATL,13.25,10.3556327878
2013-01-30,SFO,LAS,9.44444444444,7.02283855986
2013-02-27,ORD,LAS,9.94444444444,7.68858758713
2013-02-14,ATL,ORD,9.82352941176,8.61129559153
2013-02-02,LAS,SFO,11.0869565217,8.65979762244
2012-11-19,DFW,LAX,12.1818181818,9.5450628656
2012-11-30,MSP,ATL,11.5714285714,9.41048047961
2013-01-05,ORD,DEN,12.8695652174,10.1681514715
2013-03-03,ORD,IAH,6.46153846154,4.57557618622
2012-11-16,ORD,IAH,9.52631578947,6.65305628225
2012-11-27,ORD,DEN,6.625,4.77318901085
2012-12-31,EWR,ORD,7.06666666667,4.58984386082
2013-02-10,ORD,LGA,8.8,6.2458407213
2012-12-24,SFO,ATL,9.66666666667,7.24365848417
2012-12-19,LAS,DEN,10.4545454545,8.14585651451
2013-03-02,PHX,ORD,13.52,10.012991561
2013-02-04,MIA,LGA,13.0416666667,9.68853722825
2012-12-30,ORD,BOS,13.0454545455,9.62871337262
2013-01-04,ORD,SEA,13.0909090909,11.587797732
2012-12-15,ATL,BOS,11.6,10.0650515725
2012-12-30,PHL,MCO,14.3333333333,10.3700752909
2012-11-19,LGA,CLT,9.89473684211,7.67314752774
2012-12-26,LAS,ORD,9.2380952381,6.47228523711
2012-11-23,BOS,PHL,6.83333333333,5.92119971464
2012-12-05,ORD,SEA,10.9523809524,7.99672552034
2013-02-03,DEN,LAS,10.8695652174,8.20368181105
2012-11-30,BOS,PHL,7.69230769231,8.6253948256
2012-11-18,ORD,DEN,12.7142857143,11.6882113993
2013-02-09,ATL,EWR,7.76470588235,6.09845689257
2013-02-09,ORD,BOS,8.2,6.42761897706
2013-01-09,MCO,PHL,14.4074074074,10.8069039872
2012-11-26,ORD,ATL,7.13333333333,4.68838483712
2012-12-31,EWR,SFO,13.2857142857,12.1866437428
2013-01-14,LAS,DFW,9.90476190476,8.20307723909
2013-01-19,LGA,ORD,7.625,6.74166151627
2012-12-12,JFK,LAS,14.5416666667,13.1479182239
2013-03-05,PHL,ORD,4.63636363636,4.24906406807
2013-01-29,PHL,BOS,6.5,4.18330013267
2013-01-31,SFO,BOS,9.61111111111,7.4450053442
2012-12-28,LAS,DEN,11.3333333333,8.33266664
2013-01-11,SFO,LAS,14.4074074074,10.8566153504
2013-01-19,PHL,DFW,7.46153846154,6.07749104778
2013-02-05,DEN,SEA,11.4444444444,10.4668789787
2012-12-15,IAH,ORD,12.4,11.9225571259
2012-12-03,LAX,SFO,17.696969697,13.2228137335
2013-02-22,MSP,ATL,13.52,10.8209673012
2012-12-26,ATL,LGA,13.6333333333,8.91137720435
2013-02-02,LGA,MIA,12.4545454545,9.53053874821
2013-03-02,LAS,ORD,15.4615384615,12.0473425094
2013-02-13,EWR,LAX,13.3684210526,13.1200039224
2013-01-22,DFW,ORD,10.4736842105,8.76462854035
2013-02-21,SEA,LAX,10.3333333333,7.98528057631
2012-12-27,ORD,PHL,8.61111111111,5.54276304944
2013-02-25,LAS,SFO,8.63157894737,6.43091946351
2013-02-25,DTW,LGA,9.5,7.60701430698
2013-01-03,LAX,SEA,12.1666666667,8.11154124993
2013-02-26,SFO,DEN,11.7272727273,8.37900902302
2013-02-11,SEA,SFO,8.46666666667,7.48204199273
2013-02-05,ORD,MSP,9.14285714286,6.28717515491
2012-11-28,SFO,JFK,14.88,12.0011110597
2012-11-18,ATL,LAX,14.3846153846,11.2643754308
2012-12-11,BOS,ORD,6.92857142857,4.8272350059
2012-11-21,DTW,ORD,8.64705882353,6.17394906513
2012-11-21,DEN,PHX,10.4,7.86330585361
2013-02-21,LAS,SFO,12.3461538462,8.60670579347
2012-12-27,DFW,SFO,12.1363636364,9.06744808194
2012-12-11,MSP,ATL,8.0,6.9185740342
2013-01-31,LGA,ATL,8.05555555556,6.06312113589
2013-02-28,PHL,ORD,8.1875,6.01352641966
2013-03-03,SFO,JFK,10.2857142857,6.66440437806
2012-12-09,LGA,DFW,13.6296296296,9.08146103185
2013-03-02,ORD,PHL,11.2142857143,12.2108310775
2013-01-04,DEN,SEA,10.0476190476,8.30347030148
2012-12-25,LGA,DTW,8.41176470588,5.64644604518
2012-12-04,ATL,BOS,8.23529411765,5.42597239862
2013-02-01,SFO,ORD,13.3333333333,13.0243361955
2012-12-07,DEN,SFO,12.2173913043,8.31732322401
2013-02-27,PHX,ORD,11.2380952381,9.20274286235
2013-02-18,DFW,DEN,9.9,8.22000128057
2013-02-01,ATL,MCO,11.72,8.47309467275
2013-02-10,LAS,DEN,10.8636363636,7.09993597922
2012-12-22,PHL,DFW,9.7,8.36093673926
2013-01-27,DFW,ATL,7.88888888889,5.7587671157
2013-02-15,EWR,LAX,13.6,10.3842829956
2013-01-17,ORD,EWR,10.5238095238,8.45942697598
2013-02-10,DFW,ATL,6.8125,5.16680107352
2013-02-08,ATL,MSP,10.4090909091,8.21531143605
2012-12-13,BOS,LAX,12.0454545455,9.42881739152
2013-02-18,ATL,LAX,9.78947368421,9.1017638545
2013-01-27,EWR,ORD,8.94117647059,7.3863944878
2012-11-19,ATL,SFO,11.0,8.06845710158
2013-01-14,JFK,LAS,14.0,10.8848518594
2013-01-16,PHL,BOS,4.09090909091,3.17661912903
2012-12-02,LAX,DEN,12.92,10.6611444039
2013-01-17,BOS,LAX,11.3,9.3926062747
2012-12-23,ATL,DTW,12.1739130435,10.2409701863
2013-02-21,ORD,SFO,8.0,5.04975246918
2012-11-25,DFW,PHL,9.55,7.67411918484
2012-11-30,LAX,SEA,10.25,7.23205583351
2013-02-10,ATL,PHL,11.0,9.81495457622
2013-02-15,SEA,LAX,13.4827586207,9.22969079212
2012-12-01,JFK,LAX,20.2162162162,13.8185365344
2012-12-21,DTW,ATL,12.0384615385,8.03233848505
2012-12-13,SEA,DEN,11.8695652174,8.38453309713
2013-01-10,MIA,LGA,12.1363636364,9.53837090286
2012-11-27,PHL,MCO,13.36,9.82717321173
2012-12-06,LAX,SFO,13.9615384615,11.0579591941
2013-02-18,ATL,MIA,9.5625,9.57753447745
2012-11-17,MIA,ATL,13.1304347826,11.9060883884
2013-02-02,ATL,DEN,7.58823529412,5.81010782526
2012-12-15,LGA,MIA,15.96875,11.6632435454
2013-01-08,MSP,ATL,10.35,10.1529098759
2013-02-28,ORD,LGA,7.66666666667,5.43409714347
2012-12-04,ATL,LGA,10.8260869565,7.91231591148
2013-01-03,EWR,LAX,13.4,9.34968805184
2013-02-09,LAS,JFK,13.68,11.4153405556
2013-02-23,PHL,ATL,8.23529411765,5.51735230619
2012-12-07,MIA,LGA,16.3448275862,12.1897962659
2013-02-13,LAX,BOS,11.5238095238,10.2597224505
2012-12-18,DEN,DFW,9.47368421053,9.08826117737
2012-12-11,ORD,SEA,10.619047619,7.36529829998
2012-11-16,BOS,PHL,7.13333333333,4.68838483712
2013-03-01,MCO,ATL,11.652173913,9.25698112803
2013-01-28,ORD,DTW,8.8125,7.15745532062
2012-12-13,LAX,DFW,13.5384615385,10.9406792083
2013-01-24,DFW,BOS,8.0625,5.72094106478
2012-12-19,PHL,ATL,9.8,7.75004244471
2012-12-22,ATL,DEN,14.1428571429,11.4267855748
2013-01-11,SFO,EWR,12.7916666667,9.49131945135
2012-12-26,IAH,LAX,18.7222222222,12.1763497019
2012-12-20,LGA,MIA,18.0606060606,13.004661169
2012-12-15,PHL,ORD,12.25,10.1922313037
2013-02-01,ATL,DEN,12.1428571429,9.31281758806
2013-01-28,SFO,LAS,10.6666666667,8.96846326487
2012-12-08,LGA,DFW,8.6,6.8743830892
2013-01-21,PHL,MCO,10.2857142857,6.72415687758
2013-01-04,BOS,LAX,12.2272727273,10.4148786344
2013-02-28,CLT,LGA,6.30769230769,6.23678089221
2013-02-18,LAX,BOS,11.1,9.23893363635
2012-12-05,SFO,LAS,14.8461538462,12.8084106983
2013-02-26,LGA,ORD,7.5625,6.65300683902
2012-12-27,DEN,MSP,10.6956521739,7.79530617865
2012-12-18,ATL,SFO,10.35,7.58998647804
2013-01-16,LAX,IAH,14.5925925926,10.1384995827
2012-12-25,LAS,ORD,8.5,4.7609522857
2013-01-09,LGA,DFW,8.52631578947,6.44953418691
2013-02-20,ORD,EWR,8.86666666667,7.17004350123
2013-02-26,DEN,LAS,9.55555555556,7.06459459078
2013-02-25,LAX,DEN,13.5217391304,10.5695513159
2013-02-21,ATL,MIA,11.8095238095,9.67274029228
2012-12-31,DEN,MSP,10.3,7.21183238267
2012-12-11,MIA,JFK,13.8846153846,9.91292862106
2013-01-01,LAS,ORD,18.8666666667,13.8706669738
2012-12-06,LAX,EWR,11.85,9.82625377028
2013-01-11,MIA,ATL,11.9130434783,8.34436687221
2013-02-20,ATL,CLT,6.42857142857,5.68011762763
2012-12-11,EWR,BOS,6.0,5.0
2013-01-23,SFO,DEN,7.06666666667,4.58984386082
2013-01-15,ORD,LGA,9.71428571429,7.79835147414
2013-01-10,ATL,MIA,11.9166666667,9.32932108377
2013-02-19,DEN,LAS,10.95,7.94371648405
2012-11-26,EWR,LAX,13.45,13.6862397281
2013-03-04,LGA,DTW,7.61538461538,6.71488969304
2013-02-02,SEA,SFO,9.94736842105,7.69179710406
2013-02-22,ORD,DEN,8.27777777778,6.57808800717
2013-02-07,MCO,EWR,10.55,7.6259598188
2013-02-08,LGA,CLT,10.8333333333,11.5588087884
2012-12-10,PHL,ORD,7.26666666667,4.83243012907
2013-03-02,LAX,DEN,17.4230769231,14.4199114475
2013-03-05,SFO,BOS,12.0454545455,8.82354681265
2013-02-17,LGA,CLT,11.5,10.2062072616
2012-12-27,SFO,DFW,11.9130434783,9.75571181634
2013-01-26,JFK,LAS,12.8095238095,10.6706093904
2012-12-21,ATL,DEN,12.16,9.23616081858
2013-02-12,LGA,DTW,6.69230769231,4.98973304871
2013-02-03,DFW,BOS,6.46153846154,4.71902858322
2013-01-08,ORD,SFO,8.5,5.33853912602
2013-02-25,EWR,ATL,5.75,3.95715692247
2013-01-04,SEA,DEN,11.5652173913,7.63262189526
2013-01-14,LAX,SEA,13.0454545455,10.9869068082
2012-11-29,MCO,ATL,11.2857142857,10.8542289323
2013-01-09,EWR,ATL,6.0,3.89444048185
2013-01-13,LGA,BOS,4.5,3.0276503541
2013-01-16,CLT,ATL,7.11764705882,5.06066143085
2012-11-17,DTW,ORD,10.375,10.2818610507
2013-01-23,LAX,SEA,10.6086956522,7.68551843898
2013-02-18,SFO,ATL,11.7894736842,10.6227164729
2013-02-13,DEN,ORD,8.06666666667,5.87326468799
2013-02-24,DFW,ORD,9.47368421053,6.23937693695
2013-01-28,MSP,ORD,8.53333333333,6.98842580544
2013-01-17,ATL,PHL,7.1875,5.61211487172
2012-11-30,LAS,LAX,11.9565217391,10.1465545467
2013-02-20,LAX,DEN,12.2307692308,8.44894167246
2013-01-30,ORD,SFO,8.83333333333,6.0415229868
2012-11-20,DFW,BOS,7.93333333333,6.47485980727
2013-03-05,DEN,LAX,12.6666666667,12.1800222158
2013-01-29,CLT,LGA,6.33333333333,5.19323569364
2013-01-05,BOS,SFO,16.0740740741,11.6682538603
2013-01-11,ORD,MSP,10.2631578947,8.65282295146
2013-01-06,DFW,DEN,13.6071428571,10.071372284
2013-02-21,ORD,LAS,8.9,6.44735767991
2013-03-01,DEN,MSP,10.4761904762,6.94707886539
2013-03-03,ORD,PHL,7.14285714286,5.15687954032
2013-02-09,JFK,SFO,11.3684210526,10.7300746933
2013-01-05,DFW,BOS,8.8125,7.05425403569
2012-12-26,LAS,DFW,8.55555555556,5.43650214343
2012-12-01,DFW,LGA,11.7368421053,10.9536503569
2013-01-19,ATL,DEN,10.375,10.2558926151
2013-01-15,ATL,MIA,14.2307692308,11.6320512114
2012-11-17,JFK,LAS,11.4285714286,8.50630018616
2012-11-21,LAX,DFW,17.0666666667,12.7033347056
2013-01-05,ATL,BOS,12.6086956522,8.57448185784
2012-12-27,ATL,MIA,14.1724137931,8.81179795792
2012-11-28,LGA,ORD,7.55555555556,5.24933858267
2012-12-20,BOS,SFO,12.0869565217,9.55801921034
2012-12-19,MSP,ATL,15.3214285714,11.6715975974
2013-02-04,ATL,SFO,7.66666666667,5.49891764242
2012-12-12,JFK,SFO,16.0689655172,11.4515471022
2012-11-21,MIA,LGA,14.48,11.7548571521
2013-02-08,DFW,LAX,10.05,6.62908265464
2012-11-20,LAX,DFW,15.5714285714,13.118910782
2013-02-21,CLT,ATL,7.78571428571,7.02937322327
2013-01-05,ATL,DTW,14.44,11.0192256231
2013-01-22,ORD,LAX,11.6818181818,9.17235164132
2012-12-07,SFO,JFK,16.1785714286,11.8885365621
2012-12-09,LAS,DEN,13.6923076923,10.1538927738
2013-01-27,SFO,LAS,12.64,8.41566000581
2012-11-16,SEA,LAX,11.96,8.78198914446
2013-01-14,DEN,MSP,7.5625,4.87125924856
2012-12-21,ORD,LAS,14.1666666667,11.5820951272
2013-01-29,ORD,PHL,6.61538461538,5.04213019696
2012-12-09,LAS,ORD,13.5833333333,10.676738904
2013-01-01,ATL,CLT,9.22222222222,6.36678472327
2012-11-28,ORD,SEA,12.0952380952,10.4924008783
2013-01-04,SFO,EWR,12.9545454545,10.1768985486
2013-01-15,DFW,DEN,8.9375,7.21543484483
2013-02-02,EWR,SFO,11.8571428571,10.1896305835
2013-01-04,MCO,ATL,19.6388888889,13.5628753331
2013-02-05,ORD,PHX,8.94117647059,6.78666512578
2013-02-03,SFO,LAS,13.2307692308,10.6143589248
2013-01-07,DEN,LAX,15.2222222222,11.4432826562
2013-01-23,ATL,LAX,14.1111111111,11.5470053838
2013-02-14,SFO,EWR,8.82352941176,6.40542049866
2013-02-23,LAS,LAX,13.0,9.83463268252
2012-11-22,EWR,ATL,9.21052631579,6.04224891326
2012-11-15,ATL,MIA,12.5384615385,9.53406846726
2013-01-15,ATL,ORD,10.6956521739,7.71913079544
2013-02-04,BOS,EWR,11.15,11.1036978193
2013-02-13,DEN,MSP,8.625,6.90772514412
2013-01-04,LAX,LAS,13.88,12.1768906814
2012-12-07,MCO,EWR,12.44,9.5615549642
2012-12-29,EWR,SFO,11.5,8.15183298114
2013-02-09,JFK,MCO,14.3793103448,10.3834132604
2013-02-19,SFO,SEA,10.8695652174,7.91031747338
2013-01-18,ORD,LAX,11.652173913,7.88328897474
2013-02-24,LAS,ORD,11.3636363636,7.8833486633
2012-11-16,PHL,DFW,9.10526315789,5.80129043922
2012-11-17,DFW,DEN,8.94444444444,6.32894584868
2012-12-26,ATL,DFW,9.21052631579,5.98682764602
2013-02-02,LAX,IAH,15.0,10.2740233383
2012-12-01,LAS,LAX,14.76,12.3803607917
2012-12-09,LGA,ORD,10.4782608696,7.41539899752
2013-02-17,MIA,ATL,15.2857142857,12.4539362894
2013-02-06,DTW,ORD,7.14285714286,5.18662692905
2013-01-19,DEN,LAS,8.88235294118,6.47960601562
2013-01-24,ORD,EWR,8.64705882353,6.0201866299
2013-01-17,ORD,LAX,15.8275862069,12.7869044772
2013-01-24,BOS,LAX,9.72222222222,7.69878184066
2012-11-30,LAS,DEN,11.3333333333,9.32916573619
2013-03-02,MCO,ATL,14.6923076923,11.8381391469
2013-01-07,SFO,ORD,13.7272727273,12.391171274
2013-02-04,CLT,LGA,6.30769230769,4.36624582039
2012-11-21,DFW,LAX,11.7391304348,9.9234222071
2013-02-20,IAH,LAX,13.5454545455,10.935861813
2013-01-27,MCO,EWR,11.75,7.51375550169
2012-12-13,ORD,PHL,8.875,7.60591874792
2012-12-07,JFK,MIA,8.72222222222,7.62199260311
2013-01-24,LAX,ORD,14.0416666667,11.8192148885
2013-02-17,DEN,PHX,9.72727272727,6.77658305653
2012-12-22,ORD,ATL,14.6363636364,12.8935031796
2012-11-25,ORD,SFO,13.5769230769,11.2327132143
2013-01-09,PHL,MCO,11.0,8.0124902496
2013-01-19,LAX,SEA,12.08,9.0642153549
2013-02-10,IAH,ORD,10.1176470588,7.98343874014
2013-01-13,EWR,BOS,13.0909090909,12.2820391161
2012-11-23,ATL,MCO,13.1739130435,8.93233235302
2012-12-28,DTW,LGA,11.9130434783,10.7868313802
2013-01-30,LGA,MIA,14.2142857143,9.25505724759
2013-01-03,LAX,DEN,18.5142857143,12.5472552156
2012-12-05,LAX,DEN,15.5,11.7991525119
2012-12-09,ORD,SEA,8.05555555556,6.1210554859
2013-02-27,LAX,EWR,13.2727272727,9.39190035125
2013-01-24,ATL,MSP,9.6,7.64612044731
2013-01-14,ATL,DFW,9.90476190476,7.62826823011
2013-02-14,DEN,SEA,7.875,5.56027577254
2013-02-09,BOS,PHL,5.42857142857,4.1576092031
2013-02-01,SFO,DFW,12.1,11.1492270206
2013-02-13,ORD,SFO,9.57894736842,6.44046055525
2013-01-01,ATL,MIA,10.8571428571,8.72516884814
2012-12-07,ATL,PHL,8.57894736842,6.77672314679
2013-02-01,LAX,SFO,16.8,11.6588769513
2013-02-11,ATL,DEN,6.86666666667,6.36807513715
2013-03-03,DFW,SFO,10.375,9.79710841694
2013-01-10,ATL,DEN,9.0,6.80073525437
2013-01-27,DFW,BOS,7.26666666667,4.94926641991
2013-03-02,LAX,DFW,16.5185185185,12.6319813001
2012-11-16,PHX,ORD,12.9130434783,10.1350563683
2013-02-23,DFW,LAS,10.5555555556,8.27627525075
2013-03-05,ATL,BOS,9.73333333333,9.1219254442
2013-01-28,DEN,ATL,9.42105263158,6.44046055525
2012-11-19,ATL,DEN,10.75,8.18133305313
2012-11-19,ATL,BOS,11.0,8.44026630137
2012-12-01,DFW,LAS,12.9166666667,9.75311172938
2013-01-22,MSP,ORD,10.4210526316,8.0160657396
2013-03-01,BOS,ORD,6.64285714286,4.41339121062
2013-02-01,BOS,ORD,9.58823529412,7.68162436866
2013-01-17,JFK,MIA,11.6956521739,10.4204117115
2012-12-05,MCO,ATL,9.52631578947,6.36281228051
2013-01-16,ATL,MIA,12.0833333333,9.34794405049
2013-02-14,ORD,LAX,11.7727272727,8.38894861556
2012-12-16,LAX,ORD,16.40625,10.570376668
2013-02-24,ORD,BOS,10.9545454545,7.2406081876
2013-01-22,MIA,LGA,11.4090909091,8.04546065987
2013-03-02,ATL,PHL,9.77777777778,7.56583307147
2012-12-24,ORD,LAS,10.8095238095,7.48076899536
2012-12-19,MCO,PHL,18.4375,14.0458638155
2012-11-22,DFW,ATL,6.38461538462,4.55592035229
2012-12-01,DEN,ATL,10.8888888889,11.1929015788
2013-01-11,JFK,LAS,10.2,7.12741187248
2013-01-28,CLT,LGA,5.58333333333,3.75277674973
2012-12-07,BOS,SFO,9.94736842105,7.30656998271
2012-12-03,ORD,DFW,7.29411764706,5.38243330059
2012-12-14,DTW,ORD,11.4736842105,9.406666791
2013-01-07,DFW,LAS,12.48,8.08867521085
2013-03-04,DEN,LAS,4.7,3.33499958354
2012-12-03,IAH,LAX,12.9130434783,10.2598646255
2012-12-18,SFO,ORD,12.1428571429,10.3164224142
2012-12-07,ATL,DFW,9.57894736842,8.13303134326
2013-01-23,LAS,ORD,11.2857142857,8.49789889998
2012-12-23,LGA,ORD,10.7,8.52303380629
2012-12-13,SFO,DFW,8.125,6.23832242407
2012-11-29,BOS,PHL,8.57142857143,10.104943845
2013-01-16,SEA,SFO,12.2173913043,9.03003333196
2013-01-20,ATL,DFW,8.89473684211,7.30977075824
2013-01-10,DEN,LAX,15.0,11.5170680793
2013-01-28,PHX,DEN,12.5833333333,9.14576008521
2012-12-05,BOS,EWR,6.26666666667,4.66700679033
2013-01-29,DEN,ATL,8.44444444444,6.90457838064
2012-11-26,LAX,DFW,12.92,8.85023540177
2012-12-20,SEA,ORD,10.4347826087,7.53070132528
2013-01-29,DEN,ORD,8.88888888889,6.18241233033
2013-02-26,CLT,LGA,8.25,7.52118220881
2012-11-28,ATL,DTW,9.84210526316,8.20747056647
2013-02-10,BOS,SFO,11.8181818182,8.55590224368
2013-02-24,DEN,LAX,10.0952380952,6.36321272554
2012-12-12,ORD,LGA,8.70588235294,9.74528543632
2012-12-04,PHL,ORD,5.92857142857,4.69802390069
2013-01-22,DFW,LAS,9.78947368421,7.31496903136
2013-02-16,ORD,SEA,9.17647058824,7.68306005213
2013-02-24,IAH,ORD,10.4736842105,8.27558941206
2013-02-16,DFW,BOS,9.38461538462,7.96386067954
2012-12-17,MIA,LGA,12.84,10.3064704595
2013-01-07,LGA,DFW,10.0,9.42219601674
2012-12-30,DFW,LAS,12.5416666667,9.0023145172
2013-02-05,DEN,PHX,10.0,7.1455457125
2013-01-17,ATL,MCO,11.5,7.93275308002
2012-11-30,LAX,IAH,12.3181818182,9.79983655664
2013-01-31,MSP,ORD,9.3125,9.14854268905
2013-02-09,CLT,ATL,6.09090909091,4.52668853478
2012-11-28,LAX,ORD,12.0434782609,8.14905605727
2012-12-17,LAS,DFW,12.44,9.45639113686
2013-02-09,LAX,ATL,13.7857142857,10.0419753954
2013-02-04,DEN,SFO,14.16,11.0290525432
2012-11-25,BOS,ORD,10.95,10.1487619157
2012-11-18,ATL,PHL,9.84210526316,7.44060300644
2012-12-29,PHX,ORD,14.3076923077,10.949956094
2012-11-16,ATL,MIA,15.4074074074,11.0601824274
2013-02-16,DFW,ORD,10.5,7.89824999232
2012-12-22,BOS,SFO,17.3870967742,12.1619006721
2013-02-24,SFO,LAS,11.3636363636,7.60041010513
2013-01-28,LAX,DFW,16.1724137931,12.282592111
2012-12-04,DFW,BOS,5.5,3.60555127546
2012-12-15,DFW,ATL,11.1052631579,10.60866908
2012-11-15,MSP,ATL,10.15,8.53645433606
2012-11-28,PHL,DFW,6.71428571429,4.59813626841
2013-01-17,MSP,ORD,9.53333333333,9.62041480147
2012-12-31,DFW,DEN,10.7727272727,6.93460486176
2013-03-04,ATL,MIA,9.07692307692,8.38114489456
2012-11-17,LAX,ATL,11.9130434783,8.99956081493
2013-02-23,DEN,LAS,10.1904761905,6.48551499589
2012-11-30,IAH,ORD,8.0,5.72712842531
2013-02-16,LAS,LAX,14.7407407407,10.9495085685
2013-02-19,DEN,DFW,9.9,6.46366361814
2013-01-09,SFO,LAS,13.347826087,11.0725241257
2012-12-25,SFO,LAX,17.7058823529,11.6450780649
2013-01-28,DEN,LAS,9.95,6.93181073025
2012-11-18,EWR,BOS,12.15,9.90095689155
2013-01-30,ATL,MCO,10.5909090909,8.24424238287
2012-12-15,JFK,MIA,17.3103448276,14.0461063448
2012-12-10,ATL,DEN,8.23529411765,7.61191017226
2013-01-27,JFK,LAS,12.7083333333,9.31795446234
2012-12-12,IAH,LAX,13.24,11.1403171708
2012-12-04,ORD,EWR,9.82352941176,8.04856582036
2013-02-19,ORD,MSP,8.625,6.33377191464
2013-02-03,ORD,PHL,6.07692307692,4.03033370127
2012-12-20,SFO,DEN,10.6,9.95463393813
2012-11-19,LAX,ATL,13.4444444444,10.3638919528
2013-01-17,ATL,DEN,9.47368421053,6.52659874882
2012-12-07,LAS,DEN,12.3636363636,9.96921668865
2012-11-21,ATL,DEN,9.0,5.62731433871
2012-12-25,DEN,ORD,9.70588235294,9.53785029424
2013-01-15,LGA,MIA,10.8,7.77715954101
2012-11-24,SFO,ORD,14.7307692308,11.2838209568
2012-12-20,DFW,LAS,11.0,9.76028472406
2013-02-21,EWR,MCO,16.92,14.6740133115
2012-12-22,ORD,IAH,13.15,11.8954878664
2013-02-09,MSP,ATL,10.4,7.49315477093
2013-02-08,ATL,DEN,9.7,7.41335920733
2012-11-29,LAX,BOS,13.347826087,11.2839737345
2013-01-24,DTW,LGA,9.05263157895,6.76160470936
2012-12-14,DFW,BOS,6.30769230769,4.44193305114
2012-11-28,ORD,LGA,11.25,8.03389558439
2013-02-09,ATL,DFW,10.8125,11.990100083
2013-02-08,MIA,LGA,13.4761904762,10.6518498282
2013-01-03,PHX,ORD,11.4347826087,7.76838632452
2013-02-15,SEA,DEN,11.5909090909,8.37035068338
2013-02-27,SFO,DFW,9.55555555556,6.9724012424
2013-03-04,CLT,LGA,6.53846153846,4.85824701951
2012-12-26,LGA,CLT,9.10526315789,5.82041175369
2013-01-09,DEN,DFW,11.1578947368,9.37053987473
2013-01-26,LGA,CLT,6.92307692308,5.31446984596
2013-02-14,BOS,ORD,9.3125,7.05897773524
2012-12-16,PHL,DFW,10.6666666667,9.54438254133
2012-11-23,DTW,LGA,11.4761904762,9.08635816826
2012-11-19,SFO,LAS,12.8333333333,9.28611242975
2013-02-13,DEN,SEA,9.84210526316,7.16676866512
2013-02-16,LGA,ATL,14.2857142857,11.9797448101
2013-01-19,SFO,DFW,13.05,12.1805496376
2013-02-02,ATL,BOS,9.23529411765,7.15480093857
2013-02-15,SFO,LAX,13.1481481481,10.2608430592
2012-12-10,PHL,DFW,8.26666666667,7.94145242803
2012-12-16,ORD,IAH,11.35,9.00453102318
2012-11-25,EWR,ORD,15.3703703704,11.8098659803
2013-01-20,LAS,DEN,9.11111111111,6.40669584372
2012-12-18,ORD,LAS,9.78947368421,6.96482389798
2013-01-11,DEN,ORD,8.5,5.33853912602
2013-02-27,ORD,DFW,7.64285714286,6.03333232145
2013-01-08,DEN,ATL,9.5,7.67156706133
2013-01-21,LGA,DFW,12.0526315789,11.0376813397
2013-02-08,ORD,SFO,9.66666666667,7.07938182745
2013-02-08,BOS,PHL,9.53846153846,12.4070906113
2012-11-28,ORD,PHX,7.2,4.8579831206
2012-12-17,ORD,EWR,12.0555555556,11.1433030388
2012-12-23,SEA,ORD,15.2608695652,12.6355105351
2013-03-03,SFO,ATL,8.06666666667,6.49688570082
2013-02-28,ATL,EWR,9.94444444444,8.20668466572
2012-12-12,BOS,ATL,11.4285714286,10.6891132868
2013-02-13,DFW,ATL,8.66666666667,7.29221986697
2012-12-11,BOS,PHL,7.23076923077,6.05741757619
2013-01-29,LAS,SFO,12.1304347826,9.07195652861
2013-02-14,JFK,LAS,11.5217391304,7.52492564275
2012-12-07,ATL,BOS,8.9375,7.31636293979
2012-12-19,PHL,BOS,7.13333333333,4.68838483712
2013-01-03,MIA,JFK,18.0625,12.988673726
2013-01-15,LAX,ORD,12.7826086957,10.5527097844
2013-01-25,LGA,DTW,8.53333333333,7.21968209299
2013-02-02,EWR,MCO,14.9310344828,10.7435397016
2013-01-31,DFW,ORD,11.4285714286,9.56854967365
2012-11-17,LAX,DFW,16.65625,11.0266813508
2013-02-24,ORD,DFW,7.66666666667,5.43409714347
2013-01-20,ATL,BOS,8.15789473684,5.71803344103
2013-01-18,JFK,SFO,13.3461538462,9.01972198105
2013-01-11,MCO,PHL,11.9166666667,7.79027636205
2012-12-23,LGA,DTW,11.6666666667,9.59166304663
2013-01-20,JFK,MIA,13.8,11.1728838414
2012-11-25,BOS,LAX,10.9565217391,8.75670268407
2013-01-31,BOS,LAX,11.619047619,8.80043288979
2013-02-05,IAH,ORD,8.0,5.9160797831
2012-11-20,ORD,PHX,14.36,11.6935879866
2012-12-14,MCO,EWR,17.1034482759,13.5892416155
2013-01-17,DFW,ORD,7.57142857143,6.14834919325
2012-12-25,ORD,DFW,12.04,9.25328770402
2013-01-20,SFO,LAS,15.5862068966,11.001679227
2013-01-03,DFW,LGA,12.2083333333,8.18258578598
2012-12-26,SFO,DFW,14.4814814815,10.3268521169
2012-12-06,JFK,MCO,13.1666666667,10.3153185652
2012-12-07,ATL,MIA,15.4482758621,12.1290271866
2012-11-27,IAH,LAX,16.28,13.9419032656
2013-02-18,DEN,MSP,10.2,7.20087713955
2012-12-06,ATL,DEN,7.8125,5.21815740148
2013-02-02,BOS,ORD,7.9375,5.43407459156
2013-01-19,ATL,LGA,9.0,6.14529949493
2012-12-16,LGA,ORD,11.380952381,8.80611259567
2013-02-04,ORD,LAX,12.7916666667,10.1509441269
2012-11-22,EWR,BOS,8.76470588235,6.47620077442
2013-02-23,DTW,LGA,7.35714285714,5.6105277807
2012-11-21,ATL,MCO,12.4615384615,9.54664661221
2013-02-21,SEA,ORD,11.0,11.1829702463
2013-01-31,MCO,ATL,11.75,9.08534414653
2012-12-17,SFO,ORD,12.7727272727,10.9585010192
2013-01-24,SFO,SEA,9.55555555556,6.56391402444
2012-12-04,SFO,DEN,9.89473684211,7.3325358418
2013-02-11,ORD,PHX,8.64705882353,6.0201866299
2013-03-02,BOS,LAX,10.375,10.2558926151
2012-12-25,ATL,MSP,10.6363636364,7.74931919926
2013-03-02,CLT,ATL,6.63636363636,7.64555723637
2012-12-12,SFO,LAX,10.4761904762,9.12479614906
2013-02-13,ATL,DEN,8.35294117647,5.60068273149
2012-11-26,EWR,BOS,13.7916666667,11.2905468989
2013-03-01,MSP,DEN,7.5625,4.87125924856
2012-12-09,JFK,MIA,14.32,12.0889756941
2013-01-19,LAX,DFW,14.962962963,12.7021545159
2013-01-07,LAS,DFW,8.3125,6.43654928255
2012-11-24,MCO,EWR,15.3703703704,11.5896112238
2012-12-04,DEN,PHX,8.58823529412,6.43291170009
2013-01-20,ORD,LGA,11.0476190476,8.80611259567
2013-01-02,LAX,LAS,16.0333333333,12.601267953
2012-12-17,SFO,SEA,10.8571428571,9.28593406333
2013-01-10,DEN,DFW,13.08,10.8432774873
2012-11-16,ORD,DFW,12.6956521739,10.1553155925
2012-11-29,ATL,DFW,7.5625,6.67301780806
2013-01-27,LGA,DTW,9.63157894737,9.43522081421
2012-12-14,LGA,MIA,13.2380952381,12.1856668341
2013-01-24,ATL,MIA,12.4545454545,9.73812963721
2012-12-03,JFK,LAX,16.1333333333,11.7553607238
2012-12-28,LGA,BOS,4.66666666667,5.60951572479
2012-11-20,DFW,ATL,9.52631578947,6.85053461866
2012-12-27,ATL,ORD,11.7142857143,9.17683418801
2013-02-01,SFO,BOS,10.9047619048,7.68703299007
2012-12-01,ATL,ORD,11.6,11.7042502402
2012-12-15,SEA,ORD,11.4736842105,10.346058944
2012-12-04,MIA,JFK,9.94444444444,8.97363604069
2012-12-23,PHL,DFW,9.23529411765,7.24162802625
2013-02-10,SEA,ORD,10.3684210526,7.95271111226
2013-01-09,LAS,DFW,10.3888888889,10.3078433237
2013-02-15,SFO,ATL,10.7368421053,10.4872520777
2012-12-03,PHX,DEN,6.5625,4.66145542365
2013-02-03,ATL,DTW,10.0476190476,7.88971603086
2012-12-31,LAX,DFW,15.7857142857,11.3671298141
2013-01-15,BOS,LGA,5.63636363636,6.83041327114
2013-02-03,ORD,LGA,10.7222222222,10.7692675788
2013-02-03,LAX,LAS,12.3846153846,9.07778353158
2013-02-04,SFO,LAS,11.5652173913,7.81505590602
2013-02-17,SFO,ATL,11.4761904762,9.81131513926
2012-11-28,ORD,MSP,7.0,4.472135955
2013-02-18,ORD,SEA,9.85,6.4504181831
2013-01-13,SFO,DFW,10.8421052632,9.59318715371
2013-02-18,ORD,ATL,8.11764705882,5.24264190248
2013-02-19,LAX,IAH,15.48,12.0073588547
2013-02-02,DFW,BOS,7.16666666667,5.60573299616
2012-12-20,MIA,ATL,13.9642857143,8.94212727552
2013-01-31,SEA,SFO,10.6666666667,7.36432843736
2013-01-03,ORD,LAX,14.0769230769,11.7129776809
2013-01-20,ORD,PHX,8.52941176471,5.896160266
2012-12-19,LAX,DEN,15.4642857143,12.6797655746
2012-12-04,LAX,SEA,9.2,7.20818248498
2013-01-23,SEA,ORD,6.75,5.70685393349
2013-02-13,ATL,ORD,7.0,6.4688603205
2013-02-25,ORD,EWR,6.8,5.37454316996
2013-01-19,EWR,ORD,8.30769230769,9.78421019964
2012-11-20,MCO,EWR,16.1851851852,12.7823106044
2013-01-16,JFK,LAX,18.5945945946,13.200293472
2013-02-11,SEA,LAX,12.8695652174,11.2827476821
2013-03-01,SFO,EWR,10.2352941176,9.80771005233
2012-12-16,SEA,SFO,13.3913043478,10.8281582856
2012-11-19,PHL,DFW,8.55555555556,6.92159640054
2012-12-09,LAS,JFK,15.1666666667,11.1975469399
2013-01-19,EWR,SFO,10.6470588235,9.73358346442
2013-01-06,ATL,BOS,10.875,7.57749815314
2012-12-14,DFW,ORD,12.5714285714,11.1380942202
2012-11-24,EWR,ATL,8.47058823529,9.06998929891
2012-12-02,PHL,MCO,16.2258064516,11.4563219153
2013-02-15,DTW,ATL,9.4375,7.85679111767
2013-02-01,ORD,DTW,7.28571428571,5.56677743304
2012-11-23,CLT,LGA,10.55,7.81008120451
2013-02-25,PHX,ORD,11.0,9.53414914924
2013-02-18,MIA,JFK,15.1481481481,11.1586589479
2013-01-03,ATL,MIA,15.5555555556,11.2569067118
2013-01-13,ATL,DTW,10.2631578947,7.91511988583
2013-02-28,DFW,PHL,6.09090909091,6.00757098093
2013-02-11,DEN,ORD,8.4375,6.1748819152
2012-12-18,DFW,DEN,8.29411764706,5.54261564925
2012-12-23,SFO,LAS,17.4848484848,12.005522719
2013-01-31,SFO,ORD,10.5789473684,9.28748135619
2012-12-17,ATL,PHL,7.11764705882,5.06066143085
2012-12-19,SFO,JFK,17.5833333333,11.9316505863
2012-11-18,DEN,MSP,9.8,6.54217089352
2012-12-17,ATL,SFO,8.0,5.96065531336
2012-12-29,DEN,ORD,12.1818181818,9.72789980582
2013-02-17,DTW,ATL,9.1875,7.22236110978
2012-12-07,EWR,BOS,11.5,10.5565702987
2013-02-16,JFK,LAX,17.7272727273,12.3472484973
2013-02-27,DFW,LGA,7.8125,7.99348693208
2012-12-13,ATL,ORD,11.1904761905,10.0030947592
2013-02-15,ATL,ORD,9.46666666667,10.4667273277
2013-02-17,LAX,SEA,10.2727272727,7.38197172126
2012-12-07,DEN,PHX,8.35294117647,5.66724333859
2012-11-15,MIA,JFK,14.9047619048,13.8488438575
2013-01-22,LGA,ATL,9.0,7.00476028617
2013-02-25,CLT,ATL,6.41666666667,5.35058761995
2013-01-06,ATL,LGA,10.5714285714,9.16281304279
2013-01-20,BOS,PHL,5.76923076923,5.03576949025
2012-11-21,CLT,LGA,13.8518518519,9.88278886092
2012-12-13,ORD,DFW,9.21052631579,6.00535823123
2013-01-25,DEN,ATL,7.06666666667,4.58984386082
2012-12-15,EWR,MCO,18.5666666667,14.2409882777
2012-12-09,DFW,SFO,8.21428571429,8.51404786156
2012-12-03,ATL,SFO,10.0,9.17797875993
2012-12-19,DEN,DFW,10.45,7.63285833196
2012-12-10,DEN,LAS,12.0434782609,8.54122761493
2013-01-18,LAX,EWR,14.6,11.9163752878
2013-02-15,ORD,LAS,9.0,5.62731433871
2013-02-26,PHL,DFW,6.27272727273,5.83251076451
2012-11-25,DFW,LAS,10.6666666667,8.60232526704
2013-01-09,JFK,LAS,12.1739130435,8.45120848762
2013-01-04,JFK,MCO,17.5714285714,11.2910316162
2012-12-14,SFO,SEA,10.0,8.52642949892
2013-01-15,ATL,CLT,10.4,8.58640295988
2012-12-15,DEN,SFO,13.4782608696,11.1472359608
2012-12-26,ATL,MIA,15.3793103448,10.5844015726
2013-02-06,SEA,LAX,12.4545454545,11.5829401347
2013-01-04,SFO,DEN,14.9615384615,11.8033241732
2012-12-26,LGA,DTW,11.2380952381,8.61338935556
2013-02-14,JFK,MCO,10.0,7.70026737504
2012-12-11,SFO,JFK,15.375,12.8868402711
2013-01-07,ATL,MCO,12.0,8.323023926
2013-02-16,ATL,MIA,12.44,9.78979060042
2012-11-22,SFO,LAX,14.4074074074,10.5256436283
2012-11-19,LAX,EWR,13.9230769231,9.86275043555
2012-12-26,PHX,ORD,12.625,8.8505096881
2013-02-05,LGA,DFW,8.92857142857,11.1318274518
2012-12-29,ORD,LAX,16.6764705882,11.7259633919
2012-12-01,DFW,SFO,7.92857142857,7.03249912592
2013-01-17,EWR,SFO,11.3684210526,10.4997911425
2012-12-20,SFO,LAS,14.08,10.5195056918
2013-01-01,LAX,EWR,14.0714285714,9.31716286267
2012-12-27,SFO,ATL,9.72727272727,6.72013193027
2012-12-21,ORD,IAH,14.32,10.6094297679
2012-11-28,SEA,LAX,13.2083333333,12.1153125053
2012-12-02,MSP,DEN,6.875,5.31507290637
2012-12-29,PHL,DFW,9.10526315789,7.30216662552
2012-12-01,MCO,PHL,19.2972972973,12.9397425375
2013-02-23,SFO,ORD,11.1904761905,8.29830734318
2013-02-27,DEN,MSP,10.7,7.9743008273
2013-02-22,SFO,BOS,13.8333333333,10.8012344973
2012-12-04,ATL,DTW,6.07142857143,4.53133170635
2013-02-14,DFW,LGA,9.17647058824,7.68306005213
2012-12-22,DEN,SFO,15.3928571429,11.4288111747
2013-02-12,LAX,DFW,13.1666666667,10.4659558514
2013-01-11,LGA,BOS,5.5,5.40061724867
2013-01-27,SFO,DFW,7.2,4.8579831206
2013-02-28,ORD,SFO,9.35294117647,8.59462896575
2012-11-30,JFK,MCO,11.7391304348,10.1274487109
2013-02-03,MIA,JFK,13.962962963,11.6039830081
2012-12-23,MSP,DEN,12.375,8.58619974651
2012-12-13,ORD,LAS,11.5454545455,8.49496922681
2012-11-30,DEN,PHX,7.0,4.472135955
2012-12-16,BOS,ATL,7.5,4.7609522857
2013-02-14,MIA,LGA,11.0,9.29895629817
2013-01-17,SFO,ATL,8.27777777778,6.48804833843
2013-01-19,ORD,LGA,8.05555555556,5.9850030441
2013-01-13,DFW,PHL,7.4,5.08218175871
2013-01-04,DFW,BOS,9.17647058824,8.30839405449
2013-02-15,SFO,EWR,13.2608695652,9.87290779357
2013-03-03,SFO,DEN,13.1666666667,9.60826938526
2013-01-25,LAS,DFW,9.9,6.64038679913
2012-11-26,DFW,LGA,10.35,7.48524865108
2013-02-16,BOS,SFO,13.9259259259,9.1269926209
2012-12-06,ATL,MIA,13.84,10.5501974705
2013-01-03,EWR,SFO,15.6153846154,11.510262979
2013-01-07,DFW,SFO,9.90476190476,7.68703299007
2013-02-23,ORD,SFO,11.2,9.51785026591
2012-12-07,EWR,LAX,10.1,6.79705818719
2012-12-28,LAS,ORD,11.8260869565,8.44582830812
2012-12-17,JFK,MIA,12.7391304348,10.8301657475
2013-03-02,DFW,SFO,9.375,7.37450563315
2012-12-19,DTW,ORD,8.0,7.07106781187
2013-01-06,DEN,ORD,9.38888888889,7.14668898153
2013-01-01,BOS,PHL,8.375,6.6420378399
2012-11-26,BOS,EWR,12.5,10.285218242
2012-12-10,SEA,DEN,7.13333333333,4.71875689845
2013-02-16,SEA,SFO,12.7826086957,9.17484962344
2012-12-09,DFW,LAS,11.5238095238,8.78987512778
2013-01-25,ATL,DFW,8.11764705882,5.24264190248
2013-01-22,DFW,ATL,8.29411764706,7.19170273546
2013-02-11,DEN,ATL,9.3,7.42754475265
2013-02-19,DFW,SFO,7.53333333333,5.50151494287
2012-11-24,SEA,SFO,9.42105263158,6.33610281091
2013-02-06,BOS,ORD,7.28571428571,5.63544512512
2013-02-10,DFW,BOS,6.92857142857,4.92191778937
2013-02-11,ORD,DFW,8.05882352941,5.15352534964
2013-01-27,PHL,MCO,10.619047619,7.41940826802
2013-01-13,EWR,MCO,10.7272727273,9.07734919447
2012-11-23,IAH,LAX,11.1904761905,7.73058243355
2013-01-09,ORD,DTW,11.2608695652,9.02631199884
2013-02-26,JFK,MIA,8.13333333333,5.93857446418
2013-01-11,LAS,JFK,15.2580645161,11.1623406803
2012-11-28,SFO,ATL,12.1818181818,12.2070875729
2012-12-05,SFO,ORD,12.0,11.401754251
2013-01-03,LAX,JFK,17.6111111111,12.2714017776
2012-11-29,EWR,LAX,12.619047619,11.2448930207
2012-12-04,SFO,BOS,10.1904761905,8.19523671177
2013-01-03,JFK,SFO,19.9487179487,12.9369904536
2012-11-27,LAX,ATL,12.8260869565,10.99442906
2013-01-20,MIA,ATL,14.1923076923,10.8296601268
2013-01-05,ATL,ORD,20.1875,15.3590101748
2013-01-14,DFW,PHL,6.92307692308,5.18750965399
2013-01-14,LAX,JFK,16.0967741935,12.4347760701
2012-11-25,ORD,LGA,12.5217391304,9.96297493549
2013-01-30,ATL,PHL,7.8125,7.12945766988
2013-02-21,EWR,SFO,6.25,5.08339542933
2013-03-04,LAX,ATL,9.42105263158,8.49389185417
2013-02-12,LAX,SEA,12.0833333333,9.41283428492
2013-01-10,SFO,JFK,21.7441860465,13.6453254219
2013-02-20,ORD,DFW,9.1875,8.28024758084
2012-12-29,DEN,DFW,11.0,9.29925752285
2012-12-22,SEA,LAX,14.8518518519,11.7004395174
2013-01-24,IAH,ORD,7.6875,5.08224031965
2012-12-05,DEN,LAX,9.72222222222,7.30677007226
2013-01-27,JFK,SFO,10.4347826087,7.29150244498
2012-12-03,SFO,LAS,10.3,7.66468319117
2012-11-24,CLT,ATL,7.8125,5.40640052777
2013-01-16,ORD,MSP,7.76470588235,6.30009336999
2013-01-04,SFO,BOS,15.8965517241,11.7999540786
2012-12-30,ATL,EWR,10.3,7.63716673836
2012-11-24,PHX,DEN,14.7586206897,9.87296153432
2012-11-30,ORD,IAH,12.0,9.87927122818
2012-12-30,LAX,EWR,15.2592592593,11.8535700322
2013-01-09,LAS,JFK,12.16,8.97533657679
2013-01-06,LAX,EWR,13.1739130435,8.75241355759
2012-12-10,BOS,LAX,11.4761904762,8.95331808672
2012-12-14,LAX,DEN,12.75,10.8997407229
2013-03-04,PHL,ORD,8.76923076923,8.5357468542
2012-12-10,LAS,ORD,13.8,10.9962114688
2013-01-10,MSP,ORD,9.6875,9.76878532197
2012-11-23,EWR,BOS,10.9,7.75886589651
2013-01-08,ORD,LAX,15.8518518519,12.2904080914
2013-02-23,LAS,DEN,9.95,6.71584928203
2012-11-17,ORD,ATL,9.66666666667,8.75595035771
2013-01-28,MSP,DEN,9.36842105263,8.66801608928
2012-12-19,DFW,BOS,8.06666666667,6.25033332444
2012-11-22,LGA,ORD,8.55555555556,5.43650214343
2012-11-16,CLT,ATL,10.3529411765,8.24576540164
2012-12-25,EWR,ORD,8.70588235294,6.43976616309
2012-12-16,LGA,ATL,11.9130434783,9.28299052264
2012-12-01,DFW,PHL,5.91666666667,4.27377485546
2013-02-08,LAX,LAS,11.68,8.76888438362
2013-01-20,EWR,LAX,13.5454545455,11.095804753
2013-01-13,MSP,DEN,6.6,5.22083737126
2013-02-25,LAX,SFO,13.8148148148,10.3665031454
2012-12-26,PHL,ORD,10.0,8.0311892021
2012-11-15,EWR,ATL,9.42105263158,8.12619761754
2012-11-18,LAX,SEA,10.9130434783,8.10113933333
2013-02-13,ORD,EWR,7.28571428571,5.53907200543
2013-01-25,ATL,DEN,8.57894736842,6.48344720957
2013-02-10,SFO,BOS,8.63157894737,6.55074657591
2013-02-06,LAS,ORD,9.84210526316,7.39566808563
2012-11-18,BOS,ATL,12.4347826087,9.08458277901
2012-12-08,MCO,ATL,13.25,10.3556327878
2013-02-14,SEA,ORD,11.8421052632,11.1517968552
2012-12-27,ORD,ATL,16.7037037037,14.9455802955
2013-01-18,ORD,DTW,9.52941176471,6.94728046665
2013-01-09,PHL,ATL,9.6,9.75997658077
2013-02-07,DEN,ORD,8.66666666667,5.62557186636
2013-03-04,ATL,DEN,9.3125,7.68304410157
2012-11-26,BOS,LGA,5.07692307692,3.77406806292
2012-11-16,ATL,CLT,8.89473684211,7.10942048617
2013-02-25,DTW,ATL,6.08333333333,4.56186431852
2012-11-17,LAX,EWR,17.0769230769,14.6066370583
2013-02-20,BOS,EWR,6.0,5.71547606649
2013-01-09,ORD,LAX,11.4090909091,8.25001639773
2013-01-03,ORD,DFW,11.3913043478,7.43296790372
2012-12-26,SFO,ORD,12.5,8.94427191
2013-01-05,CLT,LGA,6.84615384615,5.1936845278
2012-12-20,DFW,PHL,11.1111111111,8.24541861306
2012-11-18,MIA,ATL,12.68,10.463109799
2013-03-02,LGA,BOS,9.25,17.0356768493
2013-01-03,MSP,ORD,10.2222222222,9.32772941008
2013-02-03,LAX,ATL,14.1153846154,11.8670195856
2013-02-27,PHX,DEN,9.0,6.25911100622
2013-02-03,ATL,LAX,12.7916666667,11.267418078
2012-12-28,MIA,ATL,15.5714285714,11.2032686085
2012-12-23,ATL,MCO,16.78125,13.0846730702
2013-02-14,JFK,SFO,10.9583333333,7.94808791152
2012-12-14,ATL,EWR,12.4090909091,10.5408913101
2013-02-23,LAS,SFO,10.5789473684,8.09194242217
2013-02-22,ATL,SFO,10.5909090909,8.3075358269
2013-02-18,DEN,SEA,10.380952381,6.86641238549
2012-11-18,PHX,DEN,10.9565217391,8.38547586805
2012-11-25,SFO,ATL,10.5714285714,7.09627668973
2012-11-23,MIA,JFK,17.2592592593,13.5038245084
2012-12-20,ATL,DFW,10.0952380952,7.93035158051
2012-11-18,ORD,LGA,10.9047619048,8.19697969928
2012-12-15,SFO,JFK,14.8965517241,11.6598971681
2012-12-24,LAX,SFO,18.6470588235,12.6224483841
2012-11-29,ORD,PHX,9.47058823529,9.00081695639
2012-11-27,LAX,DEN,12.7826086957,10.0361008444
2013-01-27,SFO,SEA,9.35,7.32892610788
2012-12-27,ATL,PHL,9.25,7.20288684816
2013-02-07,DFW,LAS,11.0,9.54247470677
2012-11-23,PHL,BOS,6.27272727273,3.84943915632
2012-12-24,BOS,LGA,6.0,3.87298334621
2013-02-04,BOS,ATL,7.4,5.24812891828
2013-01-15,MIA,LGA,13.9166666667,11.5492016162
2012-12-16,ATL,DTW,9.21052631579,8.29041580091
2013-01-12,DEN,LAS,10.6666666667,7.21341343147
2013-01-22,SEA,DEN,7.8,6.10854202853
2013-01-04,DEN,PHX,13.08,9.04580934282
2013-01-28,ORD,PHX,8.83333333333,5.9235323325
2012-11-26,BOS,LAX,10.2,7.41690813721
2013-02-21,DFW,ORD,8.35294117647,5.57831937584
2012-12-28,IAH,LAX,14.4,11.811011811
2013-02-26,ATL,SFO,9.125,9.1642421036
2013-01-08,DEN,LAS,11.0,10.8519447972
2013-01-09,ATL,PHL,8.94117647059,10.1024167173
2013-02-21,DEN,DFW,10.0588235294,7.95668420445
2013-02-02,ORD,MSP,11.5909090909,8.17463609739
2013-02-21,SFO,JFK,12.8,10.4482853458
2013-02-25,ORD,MSP,10.1875,11.367900715
2013-01-12,PHL,MCO,11.9230769231,8.15805406662
2012-11-24,SFO,BOS,16.8387096774,11.9696749446
2012-12-30,LGA,DFW,14.15,11.5770871712
2013-02-18,ORD,LGA,8.95,6.66076493157
2013-02-09,LGA,ORD,10.5,12.6536707961
2013-02-07,DTW,ORD,6.07692307692,4.03033370127
2012-12-27,DFW,LAS,14.28,10.698598039
2012-11-27,LAS,ORD,13.2727272727,10.4661896381
2013-01-08,DFW,DEN,10.9523809524,8.37541754467
2013-02-13,BOS,SFO,9.55555555556,7.18840751588
2013-01-25,LAX,LAS,11.5217391304,9.49099843975
2013-02-27,LAX,DFW,13.04,10.4062481231
2012-12-07,ATL,SFO,10.1578947368,8.24798398192
2012-11-20,LAS,DEN,15.6896551724,11.7931682653
2013-02-22,ORD,LGA,10.9523809524,8.38734874961
2013-01-10,ATL,BOS,10.6363636364,8.44334313469
2013-02-07,LAS,ORD,11.9130434783,8.30067381426
2013-01-04,LAS,SFO,19.2571428571,13.2428512505
2012-12-21,ATL,MCO,13.9642857143,11.0234838308
2013-02-19,EWR,BOS,9.47058823529,7.4087587275
2012-12-05,BOS,LGA,5.41666666667,4.79504163094
2012-11-17,LGA,DTW,6.85714285714,4.76940800805
2013-01-29,PHL,DFW,7.0,4.88325238403
2013-01-11,JFK,MCO,14.7692307692,10.8381094008
2012-11-29,LAX,IAH,13.1923076923,10.5376248966
2012-12-24,IAH,ORD,9.05555555556,6.4759484631
2013-02-20,CLT,LGA,7.16666666667,6.80685928555
2012-12-14,DEN,ATL,9.88888888889,8.60840142903
2012-12-24,ATL,ORD,10.8947368421,8.64031080229
2013-02-02,DFW,DEN,12.05,10.7628747872
2012-12-01,MSP,ATL,15.1304347826,13.2812388107
2012-11-17,PHL,MCO,20.85,13.463245313
2012-11-16,DEN,LAX,11.4347826087,7.40899997519
2013-01-08,ATL,DFW,11.9130434783,10.4050383053
2012-12-02,DEN,LAS,13.3214285714,9.45184117446
2013-01-21,LAS,JFK,12.6923076923,7.9285268784
2012-11-30,LAX,DEN,11.35,9.24676330285
2013-01-29,LAX,SEA,10.7826086957,7.80417441757
2013-02-14,DEN,ATL,9.5,7.61231688916
2013-02-15,ORD,ATL,7.66666666667,5.53774924195
2012-11-18,DFW,BOS,10.5294117647,10.368929833
2013-03-01,DFW,SFO,6.92857142857,4.8272350059
2012-12-15,BOS,ORD,11.7391304348,8.01258890919
2012-12-29,DFW,LAX,16.7666666667,13.4540939375
2012-12-07,BOS,ATL,12.5416666667,9.33427143319
2013-01-02,SFO,BOS,14.04,11.6707611863
2013-02-23,ORD,DEN,11.0,8.15815883368
2012-12-16,ORD,DTW,9.82352941176,8.11045077445
2013-02-23,DTW,ORD,7.28571428571,5.35549425182
2013-01-19,BOS,PHL,5.36363636364,4.05642027588
2013-01-24,ORD,BOS,8.72222222222,5.65483193234
2013-02-21,MCO,EWR,12.4583333333,8.57691120376
2013-02-08,ORD,PHL,8.13333333333,6.82293052525
2013-02-02,ATL,MIA,14.12,12.1563426517
2012-11-27,MCO,PHL,16.96875,11.5827579729
2013-02-28,ORD,DFW,8.6875,6.56981734906
2012-11-18,IAH,LAX,19.2058823529,13.338891444
2012-12-30,LAX,ORD,12.68,8.75937592906
2012-12-01,PHX,DEN,9.5,6.99789884432
2013-03-01,BOS,LGA,6.27272727273,5.76352165071
2012-12-03,LAS,SFO,12.652173913,9.9068786739
2013-02-05,LGA,BOS,4.75,3.79293601796
2012-11-17,LGA,ORD,8.1875,6.30575134302
2013-01-03,ORD,EWR,9.11111111111,6.48880383148
2013-01-15,SEA,SFO,10.8421052632,9.21510329052
2012-12-08,MIA,JFK,13.0,10.2914062925
2013-02-01,EWR,ATL,9.42857142857,11.4200517695
2013-03-02,DEN,DFW,14.8333333333,11.608342827
2013-02-02,CLT,ATL,7.07692307692,5.15528108612
2012-12-03,PHL,ATL,9.77777777778,7.64318655101
2013-01-30,SEA,ORD,10.0555555556,7.33622937468
2013-01-03,MCO,EWR,15.3103448276,10.5258302973
2013-01-13,PHL,DFW,8.52941176471,6.02201842262
2012-12-23,PHL,ATL,9.31578947368,6.28978564887
2013-02-05,ORD,EWR,8.72727272727,10.5838642196
